Variable,Type,Count,Mean,Std Dev,Min,Max,25%,50%(Median),75%,Category,Percentage (%)
中性粒细胞绝对值(NEUT#)（*10^9/L）,Numeric,88,6.68,3.8,0.01,19.94,4.11,5.67,7.68,,
BMI,Numeric,88,23.01,3.5,14.87,33.06,21.55,22.49,24.64,,
首次VTE中高风险评分日期与机械预防日期差值,Numeric,88,0.43,3.71,-12.0,28.0,0.0,0.0,0.0,,
住院天数,Numeric,88,15.09,11.29,-27,49,7.0,13.0,24.0,,
出院收缩压,Numeric,88,125.92,17.48,81,175,116.0,125.0,135.0,,
红细胞计数(*10^12/L),Numeric,88,3.79,0.71,2.57,6.14,3.34,3.7,4.11,,
年龄,Numeric,88,63.39,15.0,16,93,53.0,62.0,75.0,,
嗜酸性粒细胞比值,Numeric,88,1.98,2.03,0.0,9.1,0.48,1.3,2.78,,
身高,Numeric,88,1.63,0.07,1.45,1.78,1.59,1.62,1.68,,
VTE中高危评分,Numeric,88,6.67,2.87,1,14,4.0,6.0,8.0,,
首次VTE中高风险评分日期与药物预防日期差值,Numeric,88,0.97,3.4,-8,14,0.0,0.0,0.0,,
RBC平均血红蛋白量(MCH),Numeric,88,28.54,2.84,18.9,33.8,27.42,29.2,30.35,,
VTE确诊日期与入院日期差值,Numeric,88,4.68,6.67,-17,23,1.0,2.0,9.0,,
凝血酶原时间PT（s）,Numeric,88,12.58,1.55,10.0,17.7,11.5,12.1,13.42,,
首次D-二聚体检测数值（μg/ml FEU）,Numeric,88,2.51,2.36,0.08,12.55,0.8,2.24,3.02,,
出院舒张压,Numeric,88,76.18,10.27,48,107,69.0,75.0,82.0,,
入院舒张压,Numeric,88,77.4,12.59,53,118,68.75,74.5,86.0,,
活化凝血酶原时间APTT,Numeric,88,29.77,5.01,15.7,44.0,26.5,27.8,32.25,,
纤维蛋白原Fbg（g/L）,Numeric,88,3.93,1.13,1.88,7.75,3.28,3.71,4.56,,
RBC平均血红蛋白浓度(MCHC),Numeric,88,327.68,15.47,280,357,321.0,330.0,337.25,,
血红蛋白浓度HGB【确诊前最近一次】(g/L),Numeric,88,107.18,20.79,69.0,161.0,94.0,107.0,120.5,,
Braden量表,Numeric,88,18.25,4.16,9,23,16.0,19.0,22.0,,
钾离子,Numeric,88,3.95,0.54,2.5,5.27,3.67,3.88,4.35,,
嗜酸粒细胞绝对值(E0#)（*10^9/L）,Numeric,88,0.14,0.14,0.0,0.61,0.03,0.09,0.2,,
首次DD与入院日期差值与VTE首次中高危评分日期差值,Numeric,88,0.03,2.29,-7,7,-1.0,0.0,0.0,,
白细胞计数(*10^9/L),Numeric,88,8.72,3.77,0.15,22.85,6.37,7.92,10.15,,
入院收缩压,Numeric,88,128.92,21.68,91,199,111.5,129.0,149.25,,
总钙(mmol/L),Numeric,88,2.15,0.13,1.78,2.53,2.08,2.14,2.21,,
VTE首次中高危评分日期与机械预防日期差值(连续),Numeric,88,0.43,3.71,-12.0,28.0,0.0,0.0,0.0,,
VTE首次中高危评分日期与药物预防日期差值(连续),Numeric,88,1.66,5.03,-8.0,29.0,0.0,0.0,1.0,,
是否体力活动水平低,Categorical,88,,,,,,,,55,62.5
出血风险评估（1/0）,Categorical,88,,,,,,,,56,63.64
VTE诊断日期与入院日期是否大于24h,Categorical,88,,,,,,,,49,55.68
医院相关性VTE,Categorical,88,,,,,,,,66,75.0
首次异常DD与入院日期差值,Categorical,88,,,,,,,,86,97.73
是否药物预防,Categorical,88,,,,,,,,56,63.64
是否步速缓慢,Categorical,88,,,,,,,,59,67.05
VTE首次中高危评分日期与入院日期差值,Categorical,88,,,,,,,,38,43.18
是否存在抗凝禁忌,Categorical,88,,,,,,,,46,52.27
高血压史,Categorical,88,,,,,,,,60,68.18
糖尿病史,Categorical,88,,,,,,,,27,30.68
首次DD与入院日期差值,Categorical,88,,,,,,,,52,59.09
是否疲惫,Categorical,88,,,,,,,,50,56.82
肾功能不全,Categorical,88,,,,,,,,28,31.82
是否久坐/卧床,Categorical,88,,,,,,,,50,56.82
规范预防,Categorical,88,,,,,,,,25,28.41
呼吸系统疾病/COPD,Categorical,88,,,,,,,,51,57.95
手术史,Categorical,88,,,,,,,,48,54.55
感染史,Categorical,88,,,,,,,,66,75.0
炎症,Categorical,88,,,,,,,,65,73.86
是否机械预防,Categorical,88,,,,,,,,33,37.5
VTE评估量表（padua1，caprini2，P+C3）_caprini,Categorical,88,,,,,,,,36,40.91
VTE评估量表（padua1，caprini2，P+C3）_caprini、padua,Categorical,88,,,,,,,,2,2.27
VTE评估量表（padua1，caprini2，P+C3）_padua,Categorical,88,,,,,,,,48,54.55
VTE评估量表（padua1，caprini2，P+C3）_padua、caprini,Categorical,88,,,,,,,,2,2.27
入院科室_介入科,Categorical,88,,,,,,,,3,3.41
入院科室_全科医学科,Categorical,88,,,,,,,,2,2.27
入院科室_内分泌科,Categorical,88,,,,,,,,1,1.14
入院科室_创伤中心,Categorical,88,,,,,,,,0,0.0
入院科室_创伤骨科,Categorical,88,,,,,,,,2,2.27
入院科室_吸与危重症医学科,Categorical,88,,,,,,,,1,1.14
入院科室_呼吸与危重症医学科,Categorical,88,,,,,,,,11,12.5
入院科室_妇科,Categorical,88,,,,,,,,2,2.27
入院科室_康复科,Categorical,88,,,,,,,,9,10.23
入院科室_心胸外科,Categorical,88,,,,,,,,2,2.27
入院科室_心血管内科,Categorical,88,,,,,,,,5,5.68
入院科室_急诊科,Categorical,88,,,,,,,,2,2.27
入院科室_感染科,Categorical,88,,,,,,,,0,0.0
入院科室_普外科,Categorical,88,,,,,,,,3,3.41
入院科室_泌尿外科,Categorical,88,,,,,,,,7,7.95
入院科室_消化内科,Categorical,88,,,,,,,,1,1.14
入院科室_甲乳外科,Categorical,88,,,,,,,,1,1.14
入院科室_甲乳血管外科,Categorical,88,,,,,,,,1,1.14
入院科室_神经内科,Categorical,88,,,,,,,,3,3.41
入院科室_神经外科,Categorical,88,,,,,,,,12,13.64
入院科室_老年医学科,Categorical,88,,,,,,,,1,1.14
入院科室_肾内科,Categorical,88,,,,,,,,3,3.41
入院科室_肿瘤科,Categorical,88,,,,,,,,3,3.41
入院科室_脊柱外科,Categorical,88,,,,,,,,2,2.27
入院科室_血液内科,Categorical,88,,,,,,,,3,3.41
入院科室_血液科,Categorical,88,,,,,,,,0,0.0
入院科室_重症医学科,Categorical,88,,,,,,,,3,3.41
入院科室_风湿免疫科,Categorical,88,,,,,,,,1,1.14
入院科室_骨关节科,Categorical,88,,,,,,,,4,4.55
首次异常D-二聚体检测数值（μg/ml FEU）_0.16,Categorical,88,,,,,,,,0,0.0
首次异常D-二聚体检测数值（μg/ml FEU）_0.24,Categorical,88,,,,,,,,1,1.14
首次异常D-二聚体检测数值（μg/ml FEU）_0.51,Categorical,88,,,,,,,,0,0.0
首次异常D-二聚体检测数值（μg/ml FEU）_0.54,Categorical,88,,,,,,,,1,1.14
首次异常D-二聚体检测数值（μg/ml FEU）_0.55,Categorical,88,,,,,,,,1,1.14
首次异常D-二聚体检测数值（μg/ml FEU）_0.56,Categorical,88,,,,,,,,19,21.59
首次异常D-二聚体检测数值（μg/ml FEU）_0.58,Categorical,88,,,,,,,,1,1.14
首次异常D-二聚体检测数值（μg/ml FEU）_0.59,Categorical,88,,,,,,,,1,1.14
首次异常D-二聚体检测数值（μg/ml FEU）_0.6,Categorical,88,,,,,,,,0,0.0
首次异常D-二聚体检测数值（μg/ml FEU）_0.62,Categorical,88,,,,,,,,0,0.0
首次异常D-二聚体检测数值（μg/ml FEU）_0.65,Categorical,88,,,,,,,,0,0.0
首次异常D-二聚体检测数值（μg/ml FEU）_0.66,Categorical,88,,,,,,,,0,0.0
首次异常D-二聚体检测数值（μg/ml FEU）_0.69,Categorical,88,,,,,,,,1,1.14
首次异常D-二聚体检测数值（μg/ml FEU）_0.71,Categorical,88,,,,,,,,0,0.0
首次异常D-二聚体检测数值（μg/ml FEU）_0.72,Categorical,88,,,,,,,,1,1.14
首次异常D-二聚体检测数值（μg/ml FEU）_0.73,Categorical,88,,,,,,,,0,0.0
首次异常D-二聚体检测数值（μg/ml FEU）_0.74,Categorical,88,,,,,,,,0,0.0
首次异常D-二聚体检测数值（μg/ml FEU）_0.77,Categorical,88,,,,,,,,1,1.14
首次异常D-二聚体检测数值（μg/ml FEU）_0.79,Categorical,88,,,,,,,,0,0.0
首次异常D-二聚体检测数值（μg/ml FEU）_0.8,Categorical,88,,,,,,,,0,0.0
首次异常D-二聚体检测数值（μg/ml FEU）_0.81,Categorical,88,,,,,,,,1,1.14
首次异常D-二聚体检测数值（μg/ml FEU）_0.82,Categorical,88,,,,,,,,0,0.0
首次异常D-二聚体检测数值（μg/ml FEU）_0.83,Categorical,88,,,,,,,,1,1.14
首次异常D-二聚体检测数值（μg/ml FEU）_0.84,Categorical,88,,,,,,,,0,0.0
首次异常D-二聚体检测数值（μg/ml FEU）_0.88,Categorical,88,,,,,,,,0,0.0
首次异常D-二聚体检测数值（μg/ml FEU）_0.9,Categorical,88,,,,,,,,1,1.14
首次异常D-二聚体检测数值（μg/ml FEU）_0.91,Categorical,88,,,,,,,,1,1.14
首次异常D-二聚体检测数值（μg/ml FEU）_0.96,Categorical,88,,,,,,,,0,0.0
首次异常D-二聚体检测数值（μg/ml FEU）_0.98,Categorical,88,,,,,,,,1,1.14
首次异常D-二聚体检测数值（μg/ml FEU）_0.99,Categorical,88,,,,,,,,0,0.0
首次异常D-二聚体检测数值（μg/ml FEU）_1.02,Categorical,88,,,,,,,,2,2.27
首次异常D-二聚体检测数值（μg/ml FEU）_1.04,Categorical,88,,,,,,,,0,0.0
首次异常D-二聚体检测数值（μg/ml FEU）_1.05,Categorical,88,,,,,,,,0,0.0
首次异常D-二聚体检测数值（μg/ml FEU）_1.08,Categorical,88,,,,,,,,0,0.0
首次异常D-二聚体检测数值（μg/ml FEU）_1.09,Categorical,88,,,,,,,,0,0.0
首次异常D-二聚体检测数值（μg/ml FEU）_1.1,Categorical,88,,,,,,,,1,1.14
首次异常D-二聚体检测数值（μg/ml FEU）_1.11,Categorical,88,,,,,,,,1,1.14
首次异常D-二聚体检测数值（μg/ml FEU）_1.12,Categorical,88,,,,,,,,0,0.0
首次异常D-二聚体检测数值（μg/ml FEU）_1.13,Categorical,88,,,,,,,,0,0.0
首次异常D-二聚体检测数值（μg/ml FEU）_1.2,Categorical,88,,,,,,,,0,0.0
首次异常D-二聚体检测数值（μg/ml FEU）_1.21,Categorical,88,,,,,,,,0,0.0
首次异常D-二聚体检测数值（μg/ml FEU）_1.25,Categorical,88,,,,,,,,2,2.27
首次异常D-二聚体检测数值（μg/ml FEU）_1.26,Categorical,88,,,,,,,,0,0.0
首次异常D-二聚体检测数值（μg/ml FEU）_1.27,Categorical,88,,,,,,,,1,1.14
首次异常D-二聚体检测数值（μg/ml FEU）_1.28,Categorical,88,,,,,,,,0,0.0
首次异常D-二聚体检测数值（μg/ml FEU）_1.29,Categorical,88,,,,,,,,0,0.0
首次异常D-二聚体检测数值（μg/ml FEU）_1.3,Categorical,88,,,,,,,,0,0.0
首次异常D-二聚体检测数值（μg/ml FEU）_1.34,Categorical,88,,,,,,,,0,0.0
首次异常D-二聚体检测数值（μg/ml FEU）_1.35,Categorical,88,,,,,,,,0,0.0
首次异常D-二聚体检测数值（μg/ml FEU）_1.36,Categorical,88,,,,,,,,1,1.14
首次异常D-二聚体检测数值（μg/ml FEU）_1.37,Categorical,88,,,,,,,,0,0.0
首次异常D-二聚体检测数值（μg/ml FEU）_1.39,Categorical,88,,,,,,,,1,1.14
首次异常D-二聚体检测数值（μg/ml FEU）_1.4,Categorical,88,,,,,,,,0,0.0
首次异常D-二聚体检测数值（μg/ml FEU）_1.42,Categorical,88,,,,,,,,0,0.0
首次异常D-二聚体检测数值（μg/ml FEU）_1.43,Categorical,88,,,,,,,,0,0.0
首次异常D-二聚体检测数值（μg/ml FEU）_1.45,Categorical,88,,,,,,,,1,1.14
首次异常D-二聚体检测数值（μg/ml FEU）_1.46,Categorical,88,,,,,,,,0,0.0
首次异常D-二聚体检测数值（μg/ml FEU）_1.5,Categorical,88,,,,,,,,1,1.14
首次异常D-二聚体检测数值（μg/ml FEU）_1.51,Categorical,88,,,,,,,,0,0.0
首次异常D-二聚体检测数值（μg/ml FEU）_1.58,Categorical,88,,,,,,,,0,0.0
首次异常D-二聚体检测数值（μg/ml FEU）_1.59,Categorical,88,,,,,,,,0,0.0
首次异常D-二聚体检测数值（μg/ml FEU）_1.6,Categorical,88,,,,,,,,0,0.0
首次异常D-二聚体检测数值（μg/ml FEU）_1.62,Categorical,88,,,,,,,,0,0.0
首次异常D-二聚体检测数值（μg/ml FEU）_1.64,Categorical,88,,,,,,,,1,1.14
首次异常D-二聚体检测数值（μg/ml FEU）_1.65,Categorical,88,,,,,,,,0,0.0
首次异常D-二聚体检测数值（μg/ml FEU）_1.66,Categorical,88,,,,,,,,0,0.0
首次异常D-二聚体检测数值（μg/ml FEU）_1.71,Categorical,88,,,,,,,,1,1.14
首次异常D-二聚体检测数值（μg/ml FEU）_1.72,Categorical,88,,,,,,,,1,1.14
首次异常D-二聚体检测数值（μg/ml FEU）_1.75,Categorical,88,,,,,,,,0,0.0
首次异常D-二聚体检测数值（μg/ml FEU）_1.79,Categorical,88,,,,,,,,1,1.14
首次异常D-二聚体检测数值（μg/ml FEU）_1.8,Categorical,88,,,,,,,,0,0.0
首次异常D-二聚体检测数值（μg/ml FEU）_1.81,Categorical,88,,,,,,,,0,0.0
首次异常D-二聚体检测数值（μg/ml FEU）_1.83,Categorical,88,,,,,,,,0,0.0
首次异常D-二聚体检测数值（μg/ml FEU）_1.85,Categorical,88,,,,,,,,0,0.0
首次异常D-二聚体检测数值（μg/ml FEU）_1.9,Categorical,88,,,,,,,,0,0.0
首次异常D-二聚体检测数值（μg/ml FEU）_1.94,Categorical,88,,,,,,,,0,0.0
首次异常D-二聚体检测数值（μg/ml FEU）_2.0,Categorical,88,,,,,,,,0,0.0
首次异常D-二聚体检测数值（μg/ml FEU）_2.01,Categorical,88,,,,,,,,1,1.14
首次异常D-二聚体检测数值（μg/ml FEU）_2.02,Categorical,88,,,,,,,,1,1.14
首次异常D-二聚体检测数值（μg/ml FEU）_2.06,Categorical,88,,,,,,,,1,1.14
首次异常D-二聚体检测数值（μg/ml FEU）_2.1,Categorical,88,,,,,,,,0,0.0
首次异常D-二聚体检测数值（μg/ml FEU）_2.12,Categorical,88,,,,,,,,1,1.14
首次异常D-二聚体检测数值（μg/ml FEU）_2.13,Categorical,88,,,,,,,,1,1.14
首次异常D-二聚体检测数值（μg/ml FEU）_2.16,Categorical,88,,,,,,,,0,0.0
首次异常D-二聚体检测数值（μg/ml FEU）_2.23,Categorical,88,,,,,,,,0,0.0
首次异常D-二聚体检测数值（μg/ml FEU）_2.24,Categorical,88,,,,,,,,0,0.0
首次异常D-二聚体检测数值（μg/ml FEU）_2.27,Categorical,88,,,,,,,,1,1.14
首次异常D-二聚体检测数值（μg/ml FEU）_2.28,Categorical,88,,,,,,,,1,1.14
首次异常D-二聚体检测数值（μg/ml FEU）_2.29,Categorical,88,,,,,,,,0,0.0
首次异常D-二聚体检测数值（μg/ml FEU）_2.33,Categorical,88,,,,,,,,0,0.0
首次异常D-二聚体检测数值（μg/ml FEU）_2.37,Categorical,88,,,,,,,,0,0.0
首次异常D-二聚体检测数值（μg/ml FEU）_2.38,Categorical,88,,,,,,,,1,1.14
首次异常D-二聚体检测数值（μg/ml FEU）_2.4,Categorical,88,,,,,,,,0,0.0
首次异常D-二聚体检测数值（μg/ml FEU）_2.47,Categorical,88,,,,,,,,0,0.0
首次异常D-二聚体检测数值（μg/ml FEU）_2.48,Categorical,88,,,,,,,,1,1.14
首次异常D-二聚体检测数值（μg/ml FEU）_2.49,Categorical,88,,,,,,,,0,0.0
首次异常D-二聚体检测数值（μg/ml FEU）_2.51,Categorical,88,,,,,,,,0,0.0
首次异常D-二聚体检测数值（μg/ml FEU）_2.52,Categorical,88,,,,,,,,0,0.0
首次异常D-二聚体检测数值（μg/ml FEU）_2.55,Categorical,88,,,,,,,,1,1.14
首次异常D-二聚体检测数值（μg/ml FEU）_2.56,Categorical,88,,,,,,,,0,0.0
首次异常D-二聚体检测数值（μg/ml FEU）_2.59,Categorical,88,,,,,,,,0,0.0
首次异常D-二聚体检测数值（μg/ml FEU）_2.65,Categorical,88,,,,,,,,0,0.0
首次异常D-二聚体检测数值（μg/ml FEU）_2.67,Categorical,88,,,,,,,,1,1.14
首次异常D-二聚体检测数值（μg/ml FEU）_2.69,Categorical,88,,,,,,,,0,0.0
首次异常D-二聚体检测数值（μg/ml FEU）_2.74,Categorical,88,,,,,,,,1,1.14
首次异常D-二聚体检测数值（μg/ml FEU）_2.92,Categorical,88,,,,,,,,0,0.0
首次异常D-二聚体检测数值（μg/ml FEU）_2.95,Categorical,88,,,,,,,,0,0.0
首次异常D-二聚体检测数值（μg/ml FEU）_2.97,Categorical,88,,,,,,,,1,1.14
首次异常D-二聚体检测数值（μg/ml FEU）_3.0,Categorical,88,,,,,,,,0,0.0
首次异常D-二聚体检测数值（μg/ml FEU）_3.02,Categorical,88,,,,,,,,2,2.27
首次异常D-二聚体检测数值（μg/ml FEU）_3.03,Categorical,88,,,,,,,,0,0.0
首次异常D-二聚体检测数值（μg/ml FEU）_3.04,Categorical,88,,,,,,,,1,1.14
首次异常D-二聚体检测数值（μg/ml FEU）_3.16,Categorical,88,,,,,,,,0,0.0
首次异常D-二聚体检测数值（μg/ml FEU）_3.21,Categorical,88,,,,,,,,0,0.0
首次异常D-二聚体检测数值（μg/ml FEU）_3.24,Categorical,88,,,,,,,,0,0.0
首次异常D-二聚体检测数值（μg/ml FEU）_3.25,Categorical,88,,,,,,,,0,0.0
首次异常D-二聚体检测数值（μg/ml FEU）_3.28,Categorical,88,,,,,,,,0,0.0
首次异常D-二聚体检测数值（μg/ml FEU）_3.29,Categorical,88,,,,,,,,1,1.14
首次异常D-二聚体检测数值（μg/ml FEU）_3.4,Categorical,88,,,,,,,,0,0.0
首次异常D-二聚体检测数值（μg/ml FEU）_3.53,Categorical,88,,,,,,,,0,0.0
首次异常D-二聚体检测数值（μg/ml FEU）_3.54,Categorical,88,,,,,,,,1,1.14
首次异常D-二聚体检测数值（μg/ml FEU）_3.57,Categorical,88,,,,,,,,0,0.0
首次异常D-二聚体检测数值（μg/ml FEU）_3.61,Categorical,88,,,,,,,,1,1.14
首次异常D-二聚体检测数值（μg/ml FEU）_3.65,Categorical,88,,,,,,,,0,0.0
首次异常D-二聚体检测数值（μg/ml FEU）_3.66,Categorical,88,,,,,,,,0,0.0
首次异常D-二聚体检测数值（μg/ml FEU）_3.67,Categorical,88,,,,,,,,0,0.0
首次异常D-二聚体检测数值（μg/ml FEU）_3.71,Categorical,88,,,,,,,,0,0.0
首次异常D-二聚体检测数值（μg/ml FEU）_3.75,Categorical,88,,,,,,,,0,0.0
首次异常D-二聚体检测数值（μg/ml FEU）_3.76,Categorical,88,,,,,,,,0,0.0
首次异常D-二聚体检测数值（μg/ml FEU）_3.77,Categorical,88,,,,,,,,0,0.0
首次异常D-二聚体检测数值（μg/ml FEU）_3.78,Categorical,88,,,,,,,,0,0.0
首次异常D-二聚体检测数值（μg/ml FEU）_3.8,Categorical,88,,,,,,,,0,0.0
首次异常D-二聚体检测数值（μg/ml FEU）_3.81,Categorical,88,,,,,,,,0,0.0
首次异常D-二聚体检测数值（μg/ml FEU）_3.82,Categorical,88,,,,,,,,0,0.0
首次异常D-二聚体检测数值（μg/ml FEU）_3.88,Categorical,88,,,,,,,,1,1.14
首次异常D-二聚体检测数值（μg/ml FEU）_4.04,Categorical,88,,,,,,,,1,1.14
首次异常D-二聚体检测数值（μg/ml FEU）_4.16,Categorical,88,,,,,,,,0,0.0
首次异常D-二聚体检测数值（μg/ml FEU）_4.18,Categorical,88,,,,,,,,1,1.14
首次异常D-二聚体检测数值（μg/ml FEU）_4.2,Categorical,88,,,,,,,,0,0.0
首次异常D-二聚体检测数值（μg/ml FEU）_4.27,Categorical,88,,,,,,,,0,0.0
首次异常D-二聚体检测数值（μg/ml FEU）_4.38,Categorical,88,,,,,,,,0,0.0
首次异常D-二聚体检测数值（μg/ml FEU）_4.4,Categorical,88,,,,,,,,1,1.14
首次异常D-二聚体检测数值（μg/ml FEU）_4.49,Categorical,88,,,,,,,,1,1.14
首次异常D-二聚体检测数值（μg/ml FEU）_4.56,Categorical,88,,,,,,,,0,0.0
首次异常D-二聚体检测数值（μg/ml FEU）_4.58,Categorical,88,,,,,,,,0,0.0
首次异常D-二聚体检测数值（μg/ml FEU）_4.61,Categorical,88,,,,,,,,0,0.0
首次异常D-二聚体检测数值（μg/ml FEU）_4.63,Categorical,88,,,,,,,,0,0.0
首次异常D-二聚体检测数值（μg/ml FEU）_4.66,Categorical,88,,,,,,,,1,1.14
首次异常D-二聚体检测数值（μg/ml FEU）_4.67,Categorical,88,,,,,,,,0,0.0
首次异常D-二聚体检测数值（μg/ml FEU）_4.72,Categorical,88,,,,,,,,0,0.0
首次异常D-二聚体检测数值（μg/ml FEU）_4.75,Categorical,88,,,,,,,,0,0.0
首次异常D-二聚体检测数值（μg/ml FEU）_4.76,Categorical,88,,,,,,,,0,0.0
首次异常D-二聚体检测数值（μg/ml FEU）_4.77,Categorical,88,,,,,,,,1,1.14
首次异常D-二聚体检测数值（μg/ml FEU）_4.82,Categorical,88,,,,,,,,0,0.0
首次异常D-二聚体检测数值（μg/ml FEU）_4.9,Categorical,88,,,,,,,,0,0.0
首次异常D-二聚体检测数值（μg/ml FEU）_4.91,Categorical,88,,,,,,,,0,0.0
首次异常D-二聚体检测数值（μg/ml FEU）_4.92,Categorical,88,,,,,,,,0,0.0
首次异常D-二聚体检测数值（μg/ml FEU）_4.98,Categorical,88,,,,,,,,1,1.14
首次异常D-二聚体检测数值（μg/ml FEU）_5.01,Categorical,88,,,,,,,,0,0.0
首次异常D-二聚体检测数值（μg/ml FEU）_5.22,Categorical,88,,,,,,,,0,0.0
首次异常D-二聚体检测数值（μg/ml FEU）_5.3,Categorical,88,,,,,,,,0,0.0
首次异常D-二聚体检测数值（μg/ml FEU）_5.45,Categorical,88,,,,,,,,1,1.14
首次异常D-二聚体检测数值（μg/ml FEU）_5.58,Categorical,88,,,,,,,,0,0.0
首次异常D-二聚体检测数值（μg/ml FEU）_5.74,Categorical,88,,,,,,,,0,0.0
首次异常D-二聚体检测数值（μg/ml FEU）_5.746,Categorical,88,,,,,,,,0,0.0
首次异常D-二聚体检测数值（μg/ml FEU）_5.84,Categorical,88,,,,,,,,0,0.0
首次异常D-二聚体检测数值（μg/ml FEU）_5.85,Categorical,88,,,,,,,,0,0.0
首次异常D-二聚体检测数值（μg/ml FEU）_5.86,Categorical,88,,,,,,,,1,1.14
首次异常D-二聚体检测数值（μg/ml FEU）_5.97,Categorical,88,,,,,,,,1,1.14
首次异常D-二聚体检测数值（μg/ml FEU）_6.12,Categorical,88,,,,,,,,1,1.14
首次异常D-二聚体检测数值（μg/ml FEU）_6.18,Categorical,88,,,,,,,,0,0.0
首次异常D-二聚体检测数值（μg/ml FEU）_6.38,Categorical,88,,,,,,,,1,1.14
首次异常D-二聚体检测数值（μg/ml FEU）_6.4,Categorical,88,,,,,,,,0,0.0
首次异常D-二聚体检测数值（μg/ml FEU）_6.47,Categorical,88,,,,,,,,0,0.0
首次异常D-二聚体检测数值（μg/ml FEU）_6.55,Categorical,88,,,,,,,,0,0.0
首次异常D-二聚体检测数值（μg/ml FEU）_6.59,Categorical,88,,,,,,,,0,0.0
首次异常D-二聚体检测数值（μg/ml FEU）_6.6,Categorical,88,,,,,,,,0,0.0
首次异常D-二聚体检测数值（μg/ml FEU）_6.74,Categorical,88,,,,,,,,1,1.14
首次异常D-二聚体检测数值（μg/ml FEU）_7.03,Categorical,88,,,,,,,,0,0.0
首次异常D-二聚体检测数值（μg/ml FEU）_7.17,Categorical,88,,,,,,,,0,0.0
首次异常D-二聚体检测数值（μg/ml FEU）_7.18,Categorical,88,,,,,,,,0,0.0
首次异常D-二聚体检测数值（μg/ml FEU）_7.26,Categorical,88,,,,,,,,0,0.0
首次异常D-二聚体检测数值（μg/ml FEU）_7.32,Categorical,88,,,,,,,,0,0.0
首次异常D-二聚体检测数值（μg/ml FEU）_7.44,Categorical,88,,,,,,,,0,0.0
首次异常D-二聚体检测数值（μg/ml FEU）_7.52,Categorical,88,,,,,,,,0,0.0
首次异常D-二聚体检测数值（μg/ml FEU）_7.58,Categorical,88,,,,,,,,1,1.14
首次异常D-二聚体检测数值（μg/ml FEU）_7.62,Categorical,88,,,,,,,,0,0.0
首次异常D-二聚体检测数值（μg/ml FEU）_7.79,Categorical,88,,,,,,,,0,0.0
首次异常D-二聚体检测数值（μg/ml FEU）_7.85,Categorical,88,,,,,,,,0,0.0
首次异常D-二聚体检测数值（μg/ml FEU）_8.39,Categorical,88,,,,,,,,0,0.0
首次异常D-二聚体检测数值（μg/ml FEU）_8.4,Categorical,88,,,,,,,,0,0.0
首次异常D-二聚体检测数值（μg/ml FEU）_8.8,Categorical,88,,,,,,,,0,0.0
首次异常D-二聚体检测数值（μg/ml FEU）_9.14,Categorical,88,,,,,,,,0,0.0
首次异常D-二聚体检测数值（μg/ml FEU）_9.21,Categorical,88,,,,,,,,0,0.0
首次异常D-二聚体检测数值（μg/ml FEU）_9.23,Categorical,88,,,,,,,,0,0.0
首次异常D-二聚体检测数值（μg/ml FEU）_9.99,Categorical,88,,,,,,,,0,0.0
首次异常D-二聚体检测数值（μg/ml FEU）_10.34,Categorical,88,,,,,,,,1,1.14
首次异常D-二聚体检测数值（μg/ml FEU）_10.42,Categorical,88,,,,,,,,1,1.14
首次异常D-二聚体检测数值（μg/ml FEU）_10.68,Categorical,88,,,,,,,,0,0.0
首次异常D-二聚体检测数值（μg/ml FEU）_11.18,Categorical,88,,,,,,,,0,0.0
首次异常D-二聚体检测数值（μg/ml FEU）_11.33,Categorical,88,,,,,,,,0,0.0
首次异常D-二聚体检测数值（μg/ml FEU）_12.13,Categorical,88,,,,,,,,0,0.0
首次异常D-二聚体检测数值（μg/ml FEU）_12.55,Categorical,88,,,,,,,,1,1.14
首次异常D-二聚体检测数值（μg/ml FEU）_13.67,Categorical,88,,,,,,,,0,0.0
首次异常D-二聚体检测数值（μg/ml FEU）_14.19,Categorical,88,,,,,,,,0,0.0
首次异常D-二聚体检测数值（μg/ml FEU）_14.44,Categorical,88,,,,,,,,0,0.0
首次异常D-二聚体检测数值（μg/ml FEU）_14.52,Categorical,88,,,,,,,,0,0.0
首次异常D-二聚体检测数值（μg/ml FEU）_15.63,Categorical,88,,,,,,,,0,0.0
首次异常D-二聚体检测数值（μg/ml FEU）_16.488,Categorical,88,,,,,,,,0,0.0
首次异常D-二聚体检测数值（μg/ml FEU）_16.9,Categorical,88,,,,,,,,1,1.14
首次异常D-二聚体检测数值（μg/ml FEU）_18.12,Categorical,88,,,,,,,,0,0.0
首次异常D-二聚体检测数值（μg/ml FEU）_21.7,Categorical,88,,,,,,,,0,0.0
首次异常D-二聚体检测数值（μg/ml FEU）_22.0,Categorical,88,,,,,,,,0,0.0
首次异常D-二聚体检测数值（μg/ml FEU）_23.42,Categorical,88,,,,,,,,0,0.0
首次异常D-二聚体检测数值（μg/ml FEU）_24.08,Categorical,88,,,,,,,,0,0.0
首次异常D-二聚体检测数值（μg/ml FEU）_25.39,Categorical,88,,,,,,,,0,0.0
首次异常D-二聚体检测数值（μg/ml FEU）_25.44,Categorical,88,,,,,,,,1,1.14
首次异常D-二聚体检测数值（μg/ml FEU）_26.67,Categorical,88,,,,,,,,0,0.0
首次异常D-二聚体检测数值（μg/ml FEU）_29.74,Categorical,88,,,,,,,,0,0.0
首次异常D-二聚体检测数值（μg/ml FEU）_45.99,Categorical,88,,,,,,,,0,0.0
首次异常D-二聚体检测数值（μg/ml FEU）_50.54,Categorical,88,,,,,,,,0,0.0
首次异常D-二聚体检测数值（μg/ml FEU）_63.67,Categorical,88,,,,,,,,0,0.0
首次异常D-二聚体检测数值（μg/ml FEU）_69.25,Categorical,88,,,,,,,,1,1.14
首次异常D-二聚体检测数值（μg/ml FEU）_＞20.00,Categorical,88,,,,,,,,1,1.14
主要疾病诊断_.双侧亚急性硬膜下血肿,Categorical,88,,,,,,,,1,1.14
主要疾病诊断_1.双侧乳腺肿物性质待查：纤维腺瘤？乳腺腺病？乳腺癌？,Categorical,88,,,,,,,,0,0.0
主要疾病诊断_2型糖尿病,Categorical,88,,,,,,,,0,0.0
主要疾病诊断_2型糖尿病性下肢感染,Categorical,88,,,,,,,,1,1.14
主要疾病诊断_2型糖尿病足,Categorical,88,,,,,,,,1,1.14
主要疾病诊断_下肢深静脉血栓形成,Categorical,88,,,,,,,,0,0.0
主要疾病诊断_下肢肌肉损伤,Categorical,88,,,,,,,,0,0.0
主要疾病诊断_下肢静脉曲张,Categorical,88,,,,,,,,0,0.0
主要疾病诊断_下肢静脉曲张伴静脉炎( 左),Categorical,88,,,,,,,,1,1.14
主要疾病诊断_下肢静脉血栓,Categorical,88,,,,,,,,1,1.14
主要疾病诊断_下肢静脉血栓形成,Categorical,88,,,,,,,,0,0.0
主要疾病诊断_下肢静脉闭塞(右髂静脉),Categorical,88,,,,,,,,1,1.14
主要疾病诊断_不稳定型心绞痛,Categorical,88,,,,,,,,1,1.14
主要疾病诊断_丘脑出血,Categorical,88,,,,,,,,0,0.0
主要疾病诊断_丙型肝炎后肝硬化失代偿期,Categorical,88,,,,,,,,0,0.0
主要疾病诊断_乙状结肠肿瘤,Categorical,88,,,,,,,,0,0.0
主要疾病诊断_乳腺恶性肿瘤,Categorical,88,,,,,,,,1,1.14
主要疾病诊断_低钾血症,Categorical,88,,,,,,,,1,1.14
主要疾病诊断_便血,Categorical,88,,,,,,,,0,0.0
主要疾病诊断_充血性心力衰竭,Categorical,88,,,,,,,,0,0.0
主要疾病诊断_全身多发损伤,Categorical,88,,,,,,,,0,0.0
主要疾病诊断_再生障碍性贫血,Categorical,88,,,,,,,,0,0.0
主要疾病诊断_冠状动脉粥样硬化性心脏病,Categorical,88,,,,,,,,0,0.0
主要疾病诊断_冠状动脉粥样硬化性心脏病 三支病变,Categorical,88,,,,,,,,0,0.0
主要疾病诊断_出血性脑梗死,Categorical,88,,,,,,,,0,0.0
主要疾病诊断_前列腺恶性肿瘤并多发骨转移,Categorical,88,,,,,,,,0,0.0
主要疾病诊断_动静脉内瘘狭窄(左上肢) 慢性肾脏病V期 慢性肾脏病贫血 慢性心力衰竭 肾性高血压 继发性甲状旁腺功能亢进 高磷血症 低钙血症,Categorical,88,,,,,,,,1,1.14
主要疾病诊断_化疗后骨髓抑制,Categorical,88,,,,,,,,1,1.14
主要疾病诊断_十二指肠腺癌并出血,Categorical,88,,,,,,,,0,0.0
主要疾病诊断_卵巢黏液性囊腺瘤(右侧),Categorical,88,,,,,,,,1,1.14
主要疾病诊断_双侧腹股沟复发性直疝,Categorical,88,,,,,,,,0,0.0
主要疾病诊断_双侧膝关节骨性关节病,Categorical,88,,,,,,,,1,1.14
主要疾病诊断_双侧颈内动脉C5段动脉瘤可能,Categorical,88,,,,,,,,0,0.0
主要疾病诊断_双肺肺炎,Categorical,88,,,,,,,,1,1.14
主要疾病诊断_双肺肺炎（肺炎克雷伯杆菌+白色念珠菌+克柔念珠菌）,Categorical,88,,,,,,,,0,0.0
主要疾病诊断_双肾多发错构瘤,Categorical,88,,,,,,,,0,0.0
主要疾病诊断_发热(社区获得性肺炎？) ,Categorical,88,,,,,,,,1,1.14
主要疾病诊断_发热、呕吐,Categorical,88,,,,,,,,0,0.0
主要疾病诊断_发热查因：重症肺炎？其他？,Categorical,88,,,,,,,,0,0.0
主要疾病诊断_取除下腔静脉滤器,Categorical,88,,,,,,,,0,0.0
主要疾病诊断_右乳导管乳头状原位癌（pTisN0M0 0期）,Categorical,88,,,,,,,,1,1.14
主要疾病诊断_右侧丘脑出血,Categorical,88,,,,,,,,0,0.0
主要疾病诊断_右侧基底节区脑出血,Categorical,88,,,,,,,,0,0.0
主要疾病诊断_右侧股骨头缺血性坏死,Categorical,88,,,,,,,,0,0.0
主要疾病诊断_右侧胫骨髁间棘骨折,Categorical,88,,,,,,,,0,0.0
主要疾病诊断_右侧颞叶出血,Categorical,88,,,,,,,,0,0.0
主要疾病诊断_右侧髌骨骨折,Categorical,88,,,,,,,,1,1.14
主要疾病诊断_右肺上叶腺癌术后,Categorical,88,,,,,,,,0,0.0
主要疾病诊断_右肺嗜肺军团菌肺炎,Categorical,88,,,,,,,,0,0.0
主要疾病诊断_右肺肺炎,Categorical,88,,,,,,,,0,0.0
主要疾病诊断_右胫骨骨折 ,Categorical,88,,,,,,,,0,0.0
主要疾病诊断_右膝半月板损伤,Categorical,88,,,,,,,,0,0.0
主要疾病诊断_右髂骨粉碎性骨折,Categorical,88,,,,,,,,0,0.0
主要疾病诊断_吞咽困难,Categorical,88,,,,,,,,0,0.0
主要疾病诊断_呼吸困难,Categorical,88,,,,,,,,1,1.14
主要疾病诊断_呼吸心跳骤停,Categorical,88,,,,,,,,0,0.0
主要疾病诊断_咯血,Categorical,88,,,,,,,,1,1.14
主要疾病诊断_基底节出血(右侧),Categorical,88,,,,,,,,1,1.14
主要疾病诊断_基底节出血(右侧基底节、丘脑、侧脑室旁白质) ,Categorical,88,,,,,,,,1,1.14
主要疾病诊断_基底节出血(左侧),Categorical,88,,,,,,,,1,1.14
主要疾病诊断_基底节出血(左侧) ,Categorical,88,,,,,,,,1,1.14
主要疾病诊断_多发性大脑挫裂伤(双侧额叶、颞叶),Categorical,88,,,,,,,,1,1.14
主要疾病诊断_多发颅内动脉瘤破裂伴蛛网膜下腔出血,Categorical,88,,,,,,,,0,0.0
主要疾病诊断_多处受压区压疮 IV期,Categorical,88,,,,,,,,0,0.0
主要疾病诊断_大气道狭窄,Categorical,88,,,,,,,,0,0.0
主要疾病诊断_大脑中动脉狭窄,Categorical,88,,,,,,,,0,0.0
主要疾病诊断_大脑中动脉瘤破裂伴蛛网膜下隙出血,Categorical,88,,,,,,,,0,0.0
主要疾病诊断_大脑前-前交通动脉瘤破裂伴蛛网膜下腔出血,Categorical,88,,,,,,,,0,0.0
主要疾病诊断_大脑动脉闭塞脑梗死,Categorical,88,,,,,,,,0,0.0
主要疾病诊断_大面积肺栓塞（高危组 ）,Categorical,88,,,,,,,,0,0.0
主要疾病诊断_大面积脑梗死,Categorical,88,,,,,,,,0,0.0
主要疾病诊断_头晕查因：后循环缺血？,Categorical,88,,,,,,,,0,0.0
主要疾病诊断_子宫颈鳞状细胞癌(IB1期),Categorical,88,,,,,,,,1,1.14
主要疾病诊断_尿毒症,Categorical,88,,,,,,,,0,0.0
主要疾病诊断_尿毒症性脑病,Categorical,88,,,,,,,,1,1.14
主要疾病诊断_左侧基底节区出血,Categorical,88,,,,,,,,0,0.0
主要疾病诊断_左侧基底节区脑出血,Categorical,88,,,,,,,,0,0.0
主要疾病诊断_左侧基底节脑出血,Categorical,88,,,,,,,,0,0.0
主要疾病诊断_左侧多发肋骨骨折（4-8肋）,Categorical,88,,,,,,,,0,0.0
主要疾病诊断_左侧大隐静脉曲张,Categorical,88,,,,,,,,0,0.0
主要疾病诊断_左侧椎动脉V4段夹层动脉瘤,Categorical,88,,,,,,,,0,0.0
主要疾病诊断_左侧股骨颈骨折,Categorical,88,,,,,,,,1,1.14
主要疾病诊断_左侧胫骨平台骨折,Categorical,88,,,,,,,,0,0.0
主要疾病诊断_左侧附件区转移性鳞癌,Categorical,88,,,,,,,,0,0.0
主要疾病诊断_左股骨粗隆下骨折术后,Categorical,88,,,,,,,,0,0.0
主要疾病诊断_左股骨颈骨折,Categorical,88,,,,,,,,0,0.0
主要疾病诊断_左肺腺癌Ⅲ期,Categorical,88,,,,,,,,0,0.0
主要疾病诊断_左胫骨平台骨折,Categorical,88,,,,,,,,0,0.0
主要疾病诊断_左腋神经损伤,Categorical,88,,,,,,,,0,0.0
主要疾病诊断_左腕关节腱鞘囊肿,Categorical,88,,,,,,,,1,1.14
主要疾病诊断_左额叶、胼胝体膝部脑出血,Categorical,88,,,,,,,,0,0.0
主要疾病诊断_心力衰竭,Categorical,88,,,,,,,,0,0.0
主要疾病诊断_心源性脑栓塞,Categorical,88,,,,,,,,0,0.0
主要疾病诊断_急性上消化道出血：消化性溃疡并出血,Categorical,88,,,,,,,,0,0.0
主要疾病诊断_急性冠脉综合征,Categorical,88,,,,,,,,0,0.0
主要疾病诊断_急性多发脑梗死,Categorical,88,,,,,,,,0,0.0
主要疾病诊断_急性大面积脑梗死,Categorical,88,,,,,,,,0,0.0
主要疾病诊断_急性广泛前壁心肌梗死,Categorical,88,,,,,,,,0,0.0
主要疾病诊断_急性心力衰竭,Categorical,88,,,,,,,,2,2.27
主要疾病诊断_急性暴发性心肌炎,Categorical,88,,,,,,,,1,1.14
主要疾病诊断_急性消化道出血：消化性溃疡并出血？,Categorical,88,,,,,,,,1,1.14
主要疾病诊断_急性消化道穿孔,Categorical,88,,,,,,,,1,1.14
主要疾病诊断_急性疼痛,Categorical,88,,,,,,,,0,0.0
主要疾病诊断_急性肺动脉栓塞,Categorical,88,,,,,,,,0,0.0
主要疾病诊断_急性肺栓塞,Categorical,88,,,,,,,,1,1.14
主要疾病诊断_急性胆囊炎,Categorical,88,,,,,,,,0,0.0
主要疾病诊断_急性脑梗死,Categorical,88,,,,,,,,1,1.14
主要疾病诊断_急性脑梗死 ,Categorical,88,,,,,,,,0,0.0
主要疾病诊断_急性脑梗死(左侧额顶枕叶、左侧侧脑室旁、右侧额叶 心源性栓塞型可能性大),Categorical,88,,,,,,,,0,0.0
主要疾病诊断_急性脑梗死（左侧大脑半球）,Categorical,88,,,,,,,,1,1.14
主要疾病诊断_急性脑梗死？,Categorical,88,,,,,,,,1,1.14
主要疾病诊断_急性脑血管病,Categorical,88,,,,,,,,0,0.0
主要疾病诊断_急性阑尾炎，急性胃肠炎,Categorical,88,,,,,,,,1,1.14
主要疾病诊断_急性非ST段抬高型心肌梗死,Categorical,88,,,,,,,,1,1.14
主要疾病诊断_恶性肿瘤术后靶向治疗,Categorical,88,,,,,,,,0,0.0
主要疾病诊断_恶性肿瘤维持性化学治疗,Categorical,88,,,,,,,,0,0.0
主要疾病诊断_恶性肿瘤靶向治疗,Categorical,88,,,,,,,,0,0.0
主要疾病诊断_意识障碍(查因),Categorical,88,,,,,,,,1,1.14
主要疾病诊断_感染性休克,Categorical,88,,,,,,,,0,0.0
主要疾病诊断_慢性心力衰竭急性发作,Categorical,88,,,,,,,,1,1.14
主要疾病诊断_慢性肺源性心脏病失代偿期,Categorical,88,,,,,,,,0,0.0
主要疾病诊断_慢性肾脏病5期,Categorical,88,,,,,,,,0,0.0
主要疾病诊断_慢性肾脏病IV期 肾性贫血 高磷血症 继发性甲状旁腺功能亢进 代谢性酸中毒 血液透析 血管透析导管的机械性并发症,Categorical,88,,,,,,,,1,1.14
主要疾病诊断_慢性肾脏病V期 慢性心力衰竭 肾性贫血 低钙血症 高磷血症,Categorical,88,,,,,,,,1,1.14
主要疾病诊断_慢性阻塞性肺病伴急性下呼吸道感染,Categorical,88,,,,,,,,1,1.14
主要疾病诊断_慢性阻塞性肺病伴有急性下呼吸道感染,Categorical,88,,,,,,,,2,2.27
主要疾病诊断_慢性阻塞性肺病伴有急性加重,Categorical,88,,,,,,,,0,0.0
主要疾病诊断_成人Ph-急性淋巴细胞白血病,Categorical,88,,,,,,,,1,1.14
主要疾病诊断_手术后恶性肿瘤化学治疗,Categorical,88,,,,,,,,1,1.14
主要疾病诊断_手术后恶性肿瘤化学治疗第三次化疗后,Categorical,88,,,,,,,,0,0.0
主要疾病诊断_抗合成酶综合征,Categorical,88,,,,,,,,0,0.0
主要疾病诊断_支气管哮喘,Categorical,88,,,,,,,,0,0.0
主要疾病诊断_支气管或肺恶性肿瘤,Categorical,88,,,,,,,,0,0.0
主要疾病诊断_易栓症,Categorical,88,,,,,,,,0,0.0
主要疾病诊断_梗阻性黄疸,Categorical,88,,,,,,,,0,0.0
"主要疾病诊断_横结肠低分化腺癌TxNxM1,Ⅳ期",Categorical,88,,,,,,,,0,0.0
主要疾病诊断_泌尿外科,Categorical,88,,,,,,,,1,1.14
主要疾病诊断_特鲁索综合征,Categorical,88,,,,,,,,0,0.0
主要疾病诊断_症状性癫痫,Categorical,88,,,,,,,,0,0.0
主要疾病诊断_痛风性关节炎,Categorical,88,,,,,,,,1,1.14
主要疾病诊断_社区获得性肺炎,Categorical,88,,,,,,,,1,1.14
主要疾病诊断_社区获得性肺炎 ,Categorical,88,,,,,,,,0,0.0
主要疾病诊断_社区获得性肺炎，重症,Categorical,88,,,,,,,,0,0.0
主要疾病诊断_社区获得性肺炎，非重症,Categorical,88,,,,,,,,0,0.0
主要疾病诊断_神经痛,Categorical,88,,,,,,,,0,0.0
主要疾病诊断_类风湿性关节炎,Categorical,88,,,,,,,,0,0.0
主要疾病诊断_细菌性肺炎,Categorical,88,,,,,,,,1,1.14
主要疾病诊断_结肠恶性肿瘤,Categorical,88,,,,,,,,1,1.14
主要疾病诊断_肌筋膜炎,Categorical,88,,,,,,,,0,0.0
主要疾病诊断_肝脏转移瘤,Categorical,88,,,,,,,,0,0.0
主要疾病诊断_股骨转子间骨折,Categorical,88,,,,,,,,0,0.0
主要疾病诊断_股骨颈骨折(右侧),Categorical,88,,,,,,,,1,1.14
主要疾病诊断_股骨骨折后遗症,Categorical,88,,,,,,,,1,1.14
主要疾病诊断_肺恶性肿瘤,Categorical,88,,,,,,,,2,2.27
主要疾病诊断_肺挫伤,Categorical,88,,,,,,,,0,0.0
主要疾病诊断_肺栓塞,Categorical,88,,,,,,,,0,0.0
主要疾病诊断_肺栓塞？,Categorical,88,,,,,,,,0,0.0
主要疾病诊断_肺炎,Categorical,88,,,,,,,,0,0.0
主要疾病诊断_肺继发性恶性肿瘤,Categorical,88,,,,,,,,0,0.0
主要疾病诊断_肺部感染,Categorical,88,,,,,,,,1,1.14
主要疾病诊断_肾上腺肿物(左侧),Categorical,88,,,,,,,,1,1.14
主要疾病诊断_肾恶性肿瘤,Categorical,88,,,,,,,,1,1.14
主要疾病诊断_肾结石(双侧、右侧为著),Categorical,88,,,,,,,,1,1.14
主要疾病诊断_肾肿物(右),Categorical,88,,,,,,,,1,1.14
主要疾病诊断_肾输尿管结石伴肾积水和感染,Categorical,88,,,,,,,,1,1.14
主要疾病诊断_肾造瘘管移位,Categorical,88,,,,,,,,1,1.14
主要疾病诊断_肾错构瘤破裂出血(左侧),Categorical,88,,,,,,,,1,1.14
主要疾病诊断_肿瘤免疫治疗,Categorical,88,,,,,,,,0,0.0
主要疾病诊断_胃多发溃疡并出血,Categorical,88,,,,,,,,0,0.0
主要疾病诊断_胆囊结石伴急性胆囊炎,Categorical,88,,,,,,,,0,0.0
主要疾病诊断_胆囊结石伴有急性胆囊炎,Categorical,88,,,,,,,,1,1.14
主要疾病诊断_胆总管结石,Categorical,88,,,,,,,,0,0.0
主要疾病诊断_胆总管结石伴急性化脓性梗阻性胆管炎,Categorical,88,,,,,,,,0,0.0
主要疾病诊断_胫腓骨下端骨折(胫腓骨下端骨折术后),Categorical,88,,,,,,,,1,1.14
主要疾病诊断_胸椎脱位t11/t12,Categorical,88,,,,,,,,0,0.0
主要疾病诊断_胸椎骨折,Categorical,88,,,,,,,,1,1.14
主要疾病诊断_胸段脊髓胶质瘤，WHO2级,Categorical,88,,,,,,,,0,0.0
主要疾病诊断_胸痛,Categorical,88,,,,,,,,0,0.0
主要疾病诊断_胸腔积液,Categorical,88,,,,,,,,0,0.0
主要疾病诊断_脊髓血管病,Categorical,88,,,,,,,,0,0.0
主要疾病诊断_脑内出血,Categorical,88,,,,,,,,0,0.0
主要疾病诊断_脑出血恢复期,Categorical,88,,,,,,,,3,3.41
主要疾病诊断_脑室腹腔分流管腹腔段外露,Categorical,88,,,,,,,,1,1.14
主要疾病诊断_脑干出血,Categorical,88,,,,,,,,1,1.14
主要疾病诊断_脑梗死,Categorical,88,,,,,,,,0,0.0
主要疾病诊断_脑梗死亚急性期,Categorical,88,,,,,,,,2,2.27
主要疾病诊断_脑梗死恢复期,Categorical,88,,,,,,,,2,2.27
主要疾病诊断_脑梗死恢复期  偏瘫(左侧)  皮肤感觉减退(左侧)  肩关节半脱位(左),Categorical,88,,,,,,,,1,1.14
主要疾病诊断_脑血管意外,Categorical,88,,,,,,,,0,0.0
主要疾病诊断_脑血管狭窄,Categorical,88,,,,,,,,0,0.0
主要疾病诊断_脑转移瘤术后恢复期,Categorical,88,,,,,,,,0,0.0
主要疾病诊断_脓毒血症,Categorical,88,,,,,,,,0,0.0
主要疾病诊断_腰椎压缩性骨折,Categorical,88,,,,,,,,0,0.0
主要疾病诊断_腰椎椎管狭窄,Categorical,88,,,,,,,,0,0.0
主要疾病诊断_腰椎间盘突出,Categorical,88,,,,,,,,0,0.0
主要疾病诊断_腰椎间盘突出伴椎管狭窄,Categorical,88,,,,,,,,0,0.0
主要疾病诊断_腰椎间盘突出伴神经根病,Categorical,88,,,,,,,,1,1.14
主要疾病诊断_腰椎骨折,Categorical,88,,,,,,,,0,0.0
主要疾病诊断_腹胀,Categorical,88,,,,,,,,0,0.0
主要疾病诊断_腹腔占位性质待查,Categorical,88,,,,,,,,1,1.14
主要疾病诊断_蛛网膜下腔出血,Categorical,88,,,,,,,,1,1.14
主要疾病诊断_败血症,Categorical,88,,,,,,,,0,0.0
主要疾病诊断_重型原发性免疫性血小板减少症,Categorical,88,,,,,,,,0,0.0
主要疾病诊断_重症肺炎,Categorical,88,,,,,,,,1,1.14
主要疾病诊断_锁骨下盗血综合征伴锁骨下动脉狭窄(左侧) ,Categorical,88,,,,,,,,1,1.14
主要疾病诊断_间变大细胞淋巴瘤,Categorical,88,,,,,,,,1,1.14
主要疾病诊断_降结肠恶性肿瘤结肠癌伴出血,Categorical,88,,,,,,,,0,0.0
主要疾病诊断_难治性心力衰竭,Categorical,88,,,,,,,,1,1.14
主要疾病诊断_非创伤性脑内血肿,Categorical,88,,,,,,,,0,0.0
主要疾病诊断_鞍区病变,Categorical,88,,,,,,,,1,1.14
主要疾病诊断_颅内动脉瘤破裂伴蛛网膜下腔出血,Categorical,88,,,,,,,,1,1.14
主要疾病诊断_颅占位性病变,Categorical,88,,,,,,,,0,0.0
主要疾病诊断_颈部脊髓损伤,Categorical,88,,,,,,,,0,0.0
主要疾病诊断_颞叶出血(左侧）,Categorical,88,,,,,,,,1,1.14
主要疾病诊断_风湿性心脏病,Categorical,88,,,,,,,,0,0.0
主要疾病诊断_食管恶性肿瘤,Categorical,88,,,,,,,,0,0.0
性别_女,Categorical,88,,,,,,,,38,43.18
性别_男,Categorical,88,,,,,,,,50,56.82
预防措施_基础预防,Categorical,88,,,,,,,,21,23.86
预防措施_机械预防,Categorical,88,,,,,,,,11,12.5
预防措施_药物预防,Categorical,88,,,,,,,,34,38.64
预防措施_药物预防+机械预防,Categorical,88,,,,,,,,22,25.0
首次VTE中高风险评分日期与机械预防日期差值_无,Categorical,88,,,,,,,,51,57.95
90天内院内就诊/住院史,Categorical,88,,,,,,,,60,68.18
VTE首次中高危评分日期与机械预防日期差值_无值,Categorical,88,,,,,,,,51,57.95
VTE首次中高危评分日期与药物预防日期差值_无值,Categorical,88,,,,,,,,37,42.05
