变量,类型,阳性组(n=8),阴性组(n=24),统计方法,P值
首次D-二聚体检测数值（μg/ml FEU）,连续,4.27[2.98-4.86],1.36[0.65-2.39],Mann-Whitney U,0.008399294950726525
VTE首次中高危评分日期与机械预防日期差值_0,分类,4/8 (50.0%),1/24 (4.2%),Fisher精确,0.008620689655172414
是否体力活动水平低,分类,8/8 (100.0%),12/24 (50.0%),Fisher精确,0.013529277544850404
VTE首次中高危评分日期与机械预防日期差值_none,分类,3/8 (37.5%),20/24 (83.3%),Fisher精确,0.023315079432988217
首次VTE中高风险评分日期与机械预防日期差值_无,分类,3/8 (37.5%),20/24 (83.3%),Fisher精确,0.023315079432988217
出血风险评估（1/0）,分类,8/8 (100.0%),13/24 (54.2%),Fisher精确,0.02924474487322096
嗜酸粒细胞绝对值(E0#)（*10^9/L）,连续,0.05[0.01-0.10],0.09[0.08-0.35],Mann-Whitney U,0.03566658833057532
是否久坐/卧床,分类,7/8 (87.5%),11/24 (45.8%),Fisher精确,0.05267704857248795
入院科室_急诊科,分类,2/8 (25.0%),0/24 (0.0%),Fisher精确,0.05645161290322582
总钙(mmol/L),连续,2.09±0.14,2.20±0.15,t检验,0.06970506100820263
预防措施_药物预防+机械预防,分类,3/8 (37.5%),2/24 (8.3%),Fisher精确,0.0853726362625139
潜在可预防VTE,分类,5/8 (62.5%),22/24 (91.7%),Fisher精确,0.0853726362625139
RBC平均血红蛋白量(MCH),连续,26.35[24.75-29.18],29.70[28.48-30.68],Mann-Whitney U,0.09704048317812375
是否疲惫,分类,7/8 (87.5%),12/24 (50.0%),Fisher精确,0.10058212829069338
血红蛋白浓度HGB【确诊前最近一次】(g/L),连续,85.00[75.00-112.00],107.50[99.00-123.50],Mann-Whitney U,0.10680257496688828
凝血酶原时间PT（s）,连续,13.90[11.57-15.32],12.10[11.40-12.62],Mann-Whitney U,0.12122970125399511
年龄,连续,69.75±15.37,60.17±14.97,t检验,0.12973382999702285
Braden量表,连续,18.50[15.00-19.25],20.00[17.00-23.00],Mann-Whitney U,0.13543948128139607
机械预防措施（VTE确诊前）_0,分类,5/8 (62.5%),21/24 (87.5%),Fisher精确,0.14791125942405142
机械预防措施（VTE确诊前）_气压治疗,分类,3/8 (37.5%),3/24 (12.5%),Fisher精确,0.14791125942405145
是否机械预防,分类,4/8 (50.0%),4/24 (16.7%),Fisher精确,0.1521686964623561
身高,连续,1.63±0.05,1.60±0.05,t检验,0.15510183941103653
嗜酸性粒细胞比值,连续,0.95[0.10-2.70],1.35[1.27-4.30],Mann-Whitney U,0.1686514032645482
入院舒张压,连续,81.25±15.16,74.96±10.41,t检验,0.19751522835744917
是否步速缓慢,分类,7/8 (87.5%),13/24 (54.2%),Fisher精确,0.2044993012178774
呼吸系统疾病/COPD,分类,7/8 (87.5%),14/24 (58.3%),Fisher精确,0.20926813268303818
BMI,连续,22.01±3.43,23.55±2.80,t检验,0.214186776455194
入院收缩压,连续,138.00±27.58,127.54±18.55,t检验,0.23218356214099087
主要疾病诊断_肾结石(双侧、右侧为著),分类,1/8 (12.5%),0/24 (0.0%),Fisher精确,0.25000000000000006
主要疾病诊断_胆囊结石伴有急性胆囊炎,分类,1/8 (12.5%),0/24 (0.0%),Fisher精确,0.25000000000000006
首次异常D-二聚体检测数值（μg/ml FEU）_4.66,分类,1/8 (12.5%),0/24 (0.0%),Fisher精确,0.25000000000000006
首次异常D-二聚体检测数值（μg/ml FEU）_6.38,分类,1/8 (12.5%),0/24 (0.0%),Fisher精确,0.25000000000000006
入院科室_重症医学科,分类,1/8 (12.5%),0/24 (0.0%),Fisher精确,0.25000000000000006
VTE首次中高危评分日期与机械预防日期差值_-2,分类,1/8 (12.5%),0/24 (0.0%),Fisher精确,0.25000000000000006
首次异常D-二聚体检测数值（μg/ml FEU）_1.25,分类,1/8 (12.5%),0/24 (0.0%),Fisher精确,0.25000000000000006
首次异常D-二聚体检测数值（μg/ml FEU）_3.29,分类,1/8 (12.5%),0/24 (0.0%),Fisher精确,0.25000000000000006
首次异常D-二聚体检测数值（μg/ml FEU）_4.49,分类,1/8 (12.5%),0/24 (0.0%),Fisher精确,0.25000000000000006
首次异常D-二聚体检测数值（μg/ml FEU）_4.04,分类,1/8 (12.5%),0/24 (0.0%),Fisher精确,0.25000000000000006
首次异常D-二聚体检测数值（μg/ml FEU）_2.06,分类,1/8 (12.5%),0/24 (0.0%),Fisher精确,0.25000000000000006
VTE首次中高危评分日期与药物预防日期差值_10,分类,1/8 (12.5%),0/24 (0.0%),Fisher精确,0.25000000000000006
主要疾病诊断_慢性阻塞性肺病伴急性下呼吸道感染,分类,1/8 (12.5%),0/24 (0.0%),Fisher精确,0.25000000000000006
主要疾病诊断_尿毒症性脑病,分类,1/8 (12.5%),0/24 (0.0%),Fisher精确,0.25000000000000006
首次异常D-二聚体检测数值（μg/ml FEU）_5.45,分类,1/8 (12.5%),0/24 (0.0%),Fisher精确,0.25000000000000006
主要疾病诊断_化疗后骨髓抑制,分类,1/8 (12.5%),0/24 (0.0%),Fisher精确,0.25000000000000006
主要疾病诊断_慢性心力衰竭急性发作,分类,1/8 (12.5%),0/24 (0.0%),Fisher精确,0.25000000000000006
VTE首次中高危评分日期与药物预防日期差值_-4,分类,1/8 (12.5%),0/24 (0.0%),Fisher精确,0.25000000000000006
主要疾病诊断_难治性心力衰竭,分类,1/8 (12.5%),0/24 (0.0%),Fisher精确,0.25000000000000006
VTE确诊日期与入院日期差值,连续,2.50[1.00-6.00],2.00[0.00-3.50],Mann-Whitney U,0.25278067727149356
炎症,分类,8/8 (100.0%),19/24 (79.2%),Fisher精确,0.29644048943270296
VTE评估量表（padua1，caprini2，P+C3）_caprini,分类,0/8 (0.0%),5/24 (20.8%),Fisher精确,0.29644048943270296
首次异常D-二聚体检测数值（μg/ml FEU）_0.56,分类,0/8 (0.0%),6/24 (25.0%),Fisher精确,0.29644048943270307
钾离子,连续,4.25±0.61,4.05±0.52,t检验,0.3553569221260946
首次VTE中高风险评分日期与药物预防日期差值,分类,7/8 (87.5%),16/24 (66.7%),Fisher精确,0.38577450728729923
肾功能不全,分类,4/8 (50.0%),7/24 (29.2%),Fisher精确,0.3970408716237414
VTE诊断日期与入院日期是否大于24h,分类,5/8 (62.5%),10/24 (41.7%),Fisher精确,0.4234581633914226
VTE首次中高危评分日期与入院日期差值,分类,4/8 (50.0%),8/24 (33.3%),Fisher精确,0.43250905564587433
手术史,分类,4/8 (50.0%),16/24 (66.7%),Fisher精确,0.4325090556458744
入院科室_血液内科,分类,1/8 (12.5%),1/24 (4.2%),Fisher精确,0.4435483870967742
主要疾病诊断_脑梗死恢复期,分类,1/8 (12.5%),1/24 (4.2%),Fisher精确,0.4435483870967742
入院科室_呼吸与危重症医学科,分类,1/8 (12.5%),1/24 (4.2%),Fisher精确,0.4435483870967742
VTE评估量表（padua1，caprini2，P+C3）_caprini、padua,分类,1/8 (12.5%),1/24 (4.2%),Fisher精确,0.4435483870967742
VTE首次中高危评分日期与药物预防日期差值_1,分类,1/8 (12.5%),1/24 (4.2%),Fisher精确,0.4435483870967742
活化凝血酶原时间APTT,连续,29.45[27.82-31.25],27.80[26.35-32.23],Mann-Whitney U,0.4584957058099888
出院收缩压,连续,130.88±26.28,124.88±18.17,t检验,0.475755690483714
入院科室_肿瘤科,分类,0/8 (0.0%),3/24 (12.5%),Fisher精确,0.5548387096774193
中性粒细胞绝对值(NEUT#)（*10^9/L）,连续,6.21[3.45-11.38],5.29[4.11-6.52],Mann-Whitney U,0.5564979006925411
红细胞计数(*10^12/L),连续,3.50[2.98-4.25],3.83[3.34-4.37],Mann-Whitney U,0.5707845207353592
纤维蛋白原Fbg（g/L）,连续,3.76±1.34,3.98±1.09,t检验,0.6410433082869162
预防措施_无预防,分类,1/8 (12.5%),7/24 (29.2%),Fisher精确,0.6417017959175912
VTE评估量表（padua1，caprini2，P+C3）_padua,分类,7/8 (87.5%),18/24 (75.0%),Fisher精确,0.6464162459713072
住院天数,连续,8.50[5.00-15.75],10.00[4.75-19.50],Mann-Whitney U,0.6628701875721467
白细胞计数(*10^9/L),连续,8.83±5.66,8.19±2.75,t检验,0.6685417176497135
是否药物预防,分类,6/8 (75.0%),15/24 (62.5%),Fisher精确,0.6807863438008044
性别_女,分类,3/8 (37.5%),13/24 (54.2%),Fisher精确,0.685082190087752
性别_男,分类,5/8 (62.5%),11/24 (45.8%),Fisher精确,0.685082190087752
首次DD与入院日期差值,分类,3/8 (37.5%),13/24 (54.2%),Fisher精确,0.685082190087752
预防措施_药物预防,分类,3/8 (37.5%),13/24 (54.2%),Fisher精确,0.685082190087752
出院舒张压,连续,74.00[68.50-79.75],74.00[69.00-81.75],Mann-Whitney U,0.6947933469266068
糖尿病史,分类,4/8 (50.0%),10/24 (41.7%),Fisher精确,0.7034927697441601
RBC平均血红蛋白浓度(MCHC),连续,322.62±22.43,325.21±16.48,t检验,0.7282750621863074
预防措施_机械预防,分类,1/8 (12.5%),2/24 (8.3%),Fisher精确,1.0
VTE首次中高危评分日期与药物预防日期差值_none,分类,3/8 (37.5%),10/24 (41.7%),Fisher精确,1.0
VTE首次中高危评分日期与药物预防日期差值_37,分类,0/8 (0.0%),0/24 (0.0%),Fisher精确,1.0
VTE首次中高危评分日期与药物预防日期差值_29,分类,0/8 (0.0%),1/24 (4.2%),Fisher精确,1.0
VTE首次中高危评分日期与药物预防日期差值_19,分类,0/8 (0.0%),0/24 (0.0%),Fisher精确,1.0
VTE首次中高危评分日期与药物预防日期差值_17,分类,0/8 (0.0%),0/24 (0.0%),Fisher精确,1.0
VTE首次中高危评分日期与药物预防日期差值_16,分类,0/8 (0.0%),0/24 (0.0%),Fisher精确,1.0
VTE首次中高危评分日期与药物预防日期差值_15,分类,0/8 (0.0%),0/24 (0.0%),Fisher精确,1.0
VTE首次中高危评分日期与药物预防日期差值_14,分类,0/8 (0.0%),0/24 (0.0%),Fisher精确,1.0
VTE首次中高危评分日期与药物预防日期差值_13,分类,0/8 (0.0%),0/24 (0.0%),Fisher精确,1.0
90天前是否我院就诊,分类,8/8 (100.0%),24/24 (100.0%),Fisher精确,1.0
医院相关性VTE,分类,8/8 (100.0%),24/24 (100.0%),Fisher精确,1.0
VTE首次中高危评分日期与机械预防日期差值_1,分类,0/8 (0.0%),0/24 (0.0%),Fisher精确,1.0
VTE首次中高危评分日期与机械预防日期差值_-1,分类,0/8 (0.0%),1/24 (4.2%),Fisher精确,1.0
VTE首次中高危评分日期与机械预防日期差值_-3,分类,0/8 (0.0%),0/24 (0.0%),Fisher精确,1.0
VTE首次中高危评分日期与机械预防日期差值_-4,分类,0/8 (0.0%),0/24 (0.0%),Fisher精确,1.0
VTE首次中高危评分日期与机械预防日期差值_-5,分类,0/8 (0.0%),0/24 (0.0%),Fisher精确,1.0
VTE首次中高危评分日期与机械预防日期差值_-6,分类,0/8 (0.0%),0/24 (0.0%),Fisher精确,1.0
VTE首次中高危评分日期与机械预防日期差值_-7,分类,0/8 (0.0%),0/24 (0.0%),Fisher精确,1.0
VTE首次中高危评分日期与机械预防日期差值_-8,分类,0/8 (0.0%),0/24 (0.0%),Fisher精确,1.0
VTE首次中高危评分日期与机械预防日期差值_-12,分类,0/8 (0.0%),0/24 (0.0%),Fisher精确,1.0
VTE首次中高危评分日期与机械预防日期差值_-14,分类,0/8 (0.0%),0/24 (0.0%),Fisher精确,1.0
VTE首次中高危评分日期与机械预防日期差值_-29,分类,0/8 (0.0%),0/24 (0.0%),Fisher精确,1.0
VTE首次中高危评分日期与机械预防日期差值_-33,分类,0/8 (0.0%),0/24 (0.0%),Fisher精确,1.0
入院科室_骨关节科,分类,0/8 (0.0%),0/24 (0.0%),Fisher精确,1.0
入院科室_风湿免疫科,分类,0/8 (0.0%),0/24 (0.0%),Fisher精确,1.0
首次异常D-二聚体检测数值（μg/ml FEU）_0.16,分类,0/8 (0.0%),0/24 (0.0%),Fisher精确,1.0
VTE首次中高危评分日期与机械预防日期差值_37,分类,0/8 (0.0%),0/24 (0.0%),Fisher精确,1.0
VTE首次中高危评分日期与机械预防日期差值_32,分类,0/8 (0.0%),0/24 (0.0%),Fisher精确,1.0
VTE首次中高危评分日期与机械预防日期差值_28,分类,0/8 (0.0%),0/24 (0.0%),Fisher精确,1.0
VTE首次中高危评分日期与机械预防日期差值_12,分类,0/8 (0.0%),0/24 (0.0%),Fisher精确,1.0
VTE首次中高危评分日期与机械预防日期差值_10,分类,0/8 (0.0%),0/24 (0.0%),Fisher精确,1.0
VTE首次中高危评分日期与机械预防日期差值_9,分类,0/8 (0.0%),0/24 (0.0%),Fisher精确,1.0
VTE首次中高危评分日期与机械预防日期差值_8,分类,0/8 (0.0%),1/24 (4.2%),Fisher精确,1.0
VTE首次中高危评分日期与机械预防日期差值_6,分类,0/8 (0.0%),1/24 (4.2%),Fisher精确,1.0
VTE首次中高危评分日期与机械预防日期差值_5,分类,0/8 (0.0%),0/24 (0.0%),Fisher精确,1.0
VTE首次中高危评分日期与机械预防日期差值_4,分类,0/8 (0.0%),0/24 (0.0%),Fisher精确,1.0
VTE首次中高危评分日期与机械预防日期差值_3,分类,0/8 (0.0%),0/24 (0.0%),Fisher精确,1.0
VTE首次中高危评分日期与机械预防日期差值_2,分类,0/8 (0.0%),0/24 (0.0%),Fisher精确,1.0
首次异常D-二聚体检测数值（μg/ml FEU）_0.74,分类,0/8 (0.0%),0/24 (0.0%),Fisher精确,1.0
首次异常D-二聚体检测数值（μg/ml FEU）_0.73,分类,0/8 (0.0%),0/24 (0.0%),Fisher精确,1.0
首次异常D-二聚体检测数值（μg/ml FEU）_0.72,分类,0/8 (0.0%),1/24 (4.2%),Fisher精确,1.0
首次异常D-二聚体检测数值（μg/ml FEU）_0.71,分类,0/8 (0.0%),0/24 (0.0%),Fisher精确,1.0
首次异常D-二聚体检测数值（μg/ml FEU）_0.69,分类,0/8 (0.0%),0/24 (0.0%),Fisher精确,1.0
首次异常D-二聚体检测数值（μg/ml FEU）_0.66,分类,0/8 (0.0%),0/24 (0.0%),Fisher精确,1.0
首次异常D-二聚体检测数值（μg/ml FEU）_0.65,分类,0/8 (0.0%),0/24 (0.0%),Fisher精确,1.0
首次异常D-二聚体检测数值（μg/ml FEU）_0.62,分类,0/8 (0.0%),0/24 (0.0%),Fisher精确,1.0
首次异常D-二聚体检测数值（μg/ml FEU）_0.6,分类,0/8 (0.0%),0/24 (0.0%),Fisher精确,1.0
首次异常D-二聚体检测数值（μg/ml FEU）_0.59,分类,0/8 (0.0%),0/24 (0.0%),Fisher精确,1.0
首次异常D-二聚体检测数值（μg/ml FEU）_0.58,分类,0/8 (0.0%),0/24 (0.0%),Fisher精确,1.0
首次异常D-二聚体检测数值（μg/ml FEU）_0.55,分类,0/8 (0.0%),0/24 (0.0%),Fisher精确,1.0
首次异常D-二聚体检测数值（μg/ml FEU）_0.54,分类,0/8 (0.0%),0/24 (0.0%),Fisher精确,1.0
首次异常D-二聚体检测数值（μg/ml FEU）_0.51,分类,0/8 (0.0%),0/24 (0.0%),Fisher精确,1.0
首次异常D-二聚体检测数值（μg/ml FEU）_0.24,分类,0/8 (0.0%),0/24 (0.0%),Fisher精确,1.0
首次异常D-二聚体检测数值（μg/ml FEU）_1.05,分类,0/8 (0.0%),0/24 (0.0%),Fisher精确,1.0
首次异常D-二聚体检测数值（μg/ml FEU）_1.04,分类,0/8 (0.0%),0/24 (0.0%),Fisher精确,1.0
首次异常D-二聚体检测数值（μg/ml FEU）_1.02,分类,0/8 (0.0%),2/24 (8.3%),Fisher精确,1.0
首次异常D-二聚体检测数值（μg/ml FEU）_0.99,分类,0/8 (0.0%),0/24 (0.0%),Fisher精确,1.0
首次异常D-二聚体检测数值（μg/ml FEU）_0.98,分类,0/8 (0.0%),1/24 (4.2%),Fisher精确,1.0
首次异常D-二聚体检测数值（μg/ml FEU）_0.96,分类,0/8 (0.0%),0/24 (0.0%),Fisher精确,1.0
首次异常D-二聚体检测数值（μg/ml FEU）_0.91,分类,0/8 (0.0%),0/24 (0.0%),Fisher精确,1.0
首次异常D-二聚体检测数值（μg/ml FEU）_0.9,分类,0/8 (0.0%),0/24 (0.0%),Fisher精确,1.0
首次异常D-二聚体检测数值（μg/ml FEU）_0.88,分类,0/8 (0.0%),0/24 (0.0%),Fisher精确,1.0
首次异常D-二聚体检测数值（μg/ml FEU）_0.84,分类,0/8 (0.0%),0/24 (0.0%),Fisher精确,1.0
首次异常D-二聚体检测数值（μg/ml FEU）_0.83,分类,0/8 (0.0%),1/24 (4.2%),Fisher精确,1.0
首次异常D-二聚体检测数值（μg/ml FEU）_0.82,分类,0/8 (0.0%),0/24 (0.0%),Fisher精确,1.0
首次异常D-二聚体检测数值（μg/ml FEU）_0.81,分类,0/8 (0.0%),1/24 (4.2%),Fisher精确,1.0
首次异常D-二聚体检测数值（μg/ml FEU）_0.8,分类,0/8 (0.0%),0/24 (0.0%),Fisher精确,1.0
首次异常D-二聚体检测数值（μg/ml FEU）_0.79,分类,0/8 (0.0%),0/24 (0.0%),Fisher精确,1.0
首次异常D-二聚体检测数值（μg/ml FEU）_0.77,分类,0/8 (0.0%),0/24 (0.0%),Fisher精确,1.0
首次异常D-二聚体检测数值（μg/ml FEU）_1.35,分类,0/8 (0.0%),0/24 (0.0%),Fisher精确,1.0
首次异常D-二聚体检测数值（μg/ml FEU）_1.34,分类,0/8 (0.0%),0/24 (0.0%),Fisher精确,1.0
首次异常D-二聚体检测数值（μg/ml FEU）_1.3,分类,0/8 (0.0%),0/24 (0.0%),Fisher精确,1.0
首次异常D-二聚体检测数值（μg/ml FEU）_1.29,分类,0/8 (0.0%),0/24 (0.0%),Fisher精确,1.0
首次异常D-二聚体检测数值（μg/ml FEU）_1.28,分类,0/8 (0.0%),0/24 (0.0%),Fisher精确,1.0
首次异常D-二聚体检测数值（μg/ml FEU）_1.27,分类,0/8 (0.0%),1/24 (4.2%),Fisher精确,1.0
首次异常D-二聚体检测数值（μg/ml FEU）_1.26,分类,0/8 (0.0%),0/24 (0.0%),Fisher精确,1.0
首次异常D-二聚体检测数值（μg/ml FEU）_1.21,分类,0/8 (0.0%),0/24 (0.0%),Fisher精确,1.0
首次异常D-二聚体检测数值（μg/ml FEU）_1.2,分类,0/8 (0.0%),0/24 (0.0%),Fisher精确,1.0
首次异常D-二聚体检测数值（μg/ml FEU）_1.13,分类,0/8 (0.0%),0/24 (0.0%),Fisher精确,1.0
首次异常D-二聚体检测数值（μg/ml FEU）_1.12,分类,0/8 (0.0%),0/24 (0.0%),Fisher精确,1.0
首次异常D-二聚体检测数值（μg/ml FEU）_1.11,分类,0/8 (0.0%),1/24 (4.2%),Fisher精确,1.0
首次异常D-二聚体检测数值（μg/ml FEU）_1.1,分类,0/8 (0.0%),0/24 (0.0%),Fisher精确,1.0
首次异常D-二聚体检测数值（μg/ml FEU）_1.09,分类,0/8 (0.0%),0/24 (0.0%),Fisher精确,1.0
首次异常D-二聚体检测数值（μg/ml FEU）_1.08,分类,0/8 (0.0%),0/24 (0.0%),Fisher精确,1.0
首次异常D-二聚体检测数值（μg/ml FEU）_1.65,分类,0/8 (0.0%),0/24 (0.0%),Fisher精确,1.0
首次异常D-二聚体检测数值（μg/ml FEU）_1.64,分类,0/8 (0.0%),1/24 (4.2%),Fisher精确,1.0
首次异常D-二聚体检测数值（μg/ml FEU）_1.62,分类,0/8 (0.0%),0/24 (0.0%),Fisher精确,1.0
首次异常D-二聚体检测数值（μg/ml FEU）_1.6,分类,0/8 (0.0%),0/24 (0.0%),Fisher精确,1.0
首次异常D-二聚体检测数值（μg/ml FEU）_1.59,分类,0/8 (0.0%),0/24 (0.0%),Fisher精确,1.0
首次异常D-二聚体检测数值（μg/ml FEU）_1.58,分类,0/8 (0.0%),0/24 (0.0%),Fisher精确,1.0
首次异常D-二聚体检测数值（μg/ml FEU）_1.51,分类,0/8 (0.0%),0/24 (0.0%),Fisher精确,1.0
首次异常D-二聚体检测数值（μg/ml FEU）_1.5,分类,0/8 (0.0%),0/24 (0.0%),Fisher精确,1.0
首次异常D-二聚体检测数值（μg/ml FEU）_1.46,分类,0/8 (0.0%),0/24 (0.0%),Fisher精确,1.0
首次异常D-二聚体检测数值（μg/ml FEU）_1.45,分类,0/8 (0.0%),1/24 (4.2%),Fisher精确,1.0
首次异常D-二聚体检测数值（μg/ml FEU）_1.43,分类,0/8 (0.0%),0/24 (0.0%),Fisher精确,1.0
首次异常D-二聚体检测数值（μg/ml FEU）_1.42,分类,0/8 (0.0%),0/24 (0.0%),Fisher精确,1.0
首次异常D-二聚体检测数值（μg/ml FEU）_1.4,分类,0/8 (0.0%),0/24 (0.0%),Fisher精确,1.0
首次异常D-二聚体检测数值（μg/ml FEU）_1.39,分类,0/8 (0.0%),1/24 (4.2%),Fisher精确,1.0
首次异常D-二聚体检测数值（μg/ml FEU）_1.37,分类,0/8 (0.0%),0/24 (0.0%),Fisher精确,1.0
首次异常D-二聚体检测数值（μg/ml FEU）_1.36,分类,0/8 (0.0%),0/24 (0.0%),Fisher精确,1.0
首次异常D-二聚体检测数值（μg/ml FEU）_2.1,分类,0/8 (0.0%),0/24 (0.0%),Fisher精确,1.0
首次异常D-二聚体检测数值（μg/ml FEU）_2.02,分类,0/8 (0.0%),0/24 (0.0%),Fisher精确,1.0
首次异常D-二聚体检测数值（μg/ml FEU）_2.01,分类,0/8 (0.0%),0/24 (0.0%),Fisher精确,1.0
首次异常D-二聚体检测数值（μg/ml FEU）_2.0,分类,0/8 (0.0%),0/24 (0.0%),Fisher精确,1.0
首次异常D-二聚体检测数值（μg/ml FEU）_1.94,分类,0/8 (0.0%),0/24 (0.0%),Fisher精确,1.0
首次异常D-二聚体检测数值（μg/ml FEU）_1.9,分类,0/8 (0.0%),0/24 (0.0%),Fisher精确,1.0
首次异常D-二聚体检测数值（μg/ml FEU）_1.85,分类,0/8 (0.0%),0/24 (0.0%),Fisher精确,1.0
首次异常D-二聚体检测数值（μg/ml FEU）_1.83,分类,0/8 (0.0%),0/24 (0.0%),Fisher精确,1.0
首次异常D-二聚体检测数值（μg/ml FEU）_1.81,分类,0/8 (0.0%),0/24 (0.0%),Fisher精确,1.0
首次异常D-二聚体检测数值（μg/ml FEU）_1.8,分类,0/8 (0.0%),0/24 (0.0%),Fisher精确,1.0
首次异常D-二聚体检测数值（μg/ml FEU）_1.79,分类,0/8 (0.0%),0/24 (0.0%),Fisher精确,1.0
首次异常D-二聚体检测数值（μg/ml FEU）_1.75,分类,0/8 (0.0%),0/24 (0.0%),Fisher精确,1.0
首次异常D-二聚体检测数值（μg/ml FEU）_1.72,分类,0/8 (0.0%),1/24 (4.2%),Fisher精确,1.0
首次异常D-二聚体检测数值（μg/ml FEU）_1.71,分类,0/8 (0.0%),0/24 (0.0%),Fisher精确,1.0
首次异常D-二聚体检测数值（μg/ml FEU）_1.66,分类,0/8 (0.0%),0/24 (0.0%),Fisher精确,1.0
首次异常D-二聚体检测数值（μg/ml FEU）_2.51,分类,0/8 (0.0%),0/24 (0.0%),Fisher精确,1.0
首次异常D-二聚体检测数值（μg/ml FEU）_2.49,分类,0/8 (0.0%),0/24 (0.0%),Fisher精确,1.0
首次异常D-二聚体检测数值（μg/ml FEU）_2.48,分类,0/8 (0.0%),0/24 (0.0%),Fisher精确,1.0
首次异常D-二聚体检测数值（μg/ml FEU）_2.47,分类,0/8 (0.0%),0/24 (0.0%),Fisher精确,1.0
首次异常D-二聚体检测数值（μg/ml FEU）_2.4,分类,0/8 (0.0%),0/24 (0.0%),Fisher精确,1.0
首次异常D-二聚体检测数值（μg/ml FEU）_2.38,分类,0/8 (0.0%),0/24 (0.0%),Fisher精确,1.0
首次异常D-二聚体检测数值（μg/ml FEU）_2.37,分类,0/8 (0.0%),0/24 (0.0%),Fisher精确,1.0
首次异常D-二聚体检测数值（μg/ml FEU）_2.33,分类,0/8 (0.0%),0/24 (0.0%),Fisher精确,1.0
首次异常D-二聚体检测数值（μg/ml FEU）_2.29,分类,0/8 (0.0%),0/24 (0.0%),Fisher精确,1.0
首次异常D-二聚体检测数值（μg/ml FEU）_2.28,分类,0/8 (0.0%),0/24 (0.0%),Fisher精确,1.0
首次异常D-二聚体检测数值（μg/ml FEU）_2.27,分类,0/8 (0.0%),0/24 (0.0%),Fisher精确,1.0
首次异常D-二聚体检测数值（μg/ml FEU）_2.24,分类,0/8 (0.0%),0/24 (0.0%),Fisher精确,1.0
首次异常D-二聚体检测数值（μg/ml FEU）_2.23,分类,0/8 (0.0%),0/24 (0.0%),Fisher精确,1.0
首次异常D-二聚体检测数值（μg/ml FEU）_2.16,分类,0/8 (0.0%),0/24 (0.0%),Fisher精确,1.0
首次异常D-二聚体检测数值（μg/ml FEU）_2.13,分类,0/8 (0.0%),0/24 (0.0%),Fisher精确,1.0
首次异常D-二聚体检测数值（μg/ml FEU）_2.12,分类,0/8 (0.0%),0/24 (0.0%),Fisher精确,1.0
首次异常D-二聚体检测数值（μg/ml FEU）_3.16,分类,0/8 (0.0%),0/24 (0.0%),Fisher精确,1.0
首次异常D-二聚体检测数值（μg/ml FEU）_3.04,分类,0/8 (0.0%),0/24 (0.0%),Fisher精确,1.0
首次异常D-二聚体检测数值（μg/ml FEU）_3.03,分类,0/8 (0.0%),0/24 (0.0%),Fisher精确,1.0
首次异常D-二聚体检测数值（μg/ml FEU）_3.02,分类,0/8 (0.0%),1/24 (4.2%),Fisher精确,1.0
首次异常D-二聚体检测数值（μg/ml FEU）_3.0,分类,0/8 (0.0%),0/24 (0.0%),Fisher精确,1.0
首次异常D-二聚体检测数值（μg/ml FEU）_2.97,分类,0/8 (0.0%),0/24 (0.0%),Fisher精确,1.0
首次异常D-二聚体检测数值（μg/ml FEU）_2.95,分类,0/8 (0.0%),0/24 (0.0%),Fisher精确,1.0
首次异常D-二聚体检测数值（μg/ml FEU）_2.92,分类,0/8 (0.0%),0/24 (0.0%),Fisher精确,1.0
首次异常D-二聚体检测数值（μg/ml FEU）_2.74,分类,0/8 (0.0%),1/24 (4.2%),Fisher精确,1.0
首次异常D-二聚体检测数值（μg/ml FEU）_2.69,分类,0/8 (0.0%),0/24 (0.0%),Fisher精确,1.0
首次异常D-二聚体检测数值（μg/ml FEU）_2.67,分类,0/8 (0.0%),0/24 (0.0%),Fisher精确,1.0
首次异常D-二聚体检测数值（μg/ml FEU）_2.65,分类,0/8 (0.0%),0/24 (0.0%),Fisher精确,1.0
首次异常D-二聚体检测数值（μg/ml FEU）_2.59,分类,0/8 (0.0%),0/24 (0.0%),Fisher精确,1.0
首次异常D-二聚体检测数值（μg/ml FEU）_2.56,分类,0/8 (0.0%),0/24 (0.0%),Fisher精确,1.0
首次异常D-二聚体检测数值（μg/ml FEU）_2.55,分类,0/8 (0.0%),0/24 (0.0%),Fisher精确,1.0
首次异常D-二聚体检测数值（μg/ml FEU）_2.52,分类,0/8 (0.0%),0/24 (0.0%),Fisher精确,1.0
首次异常D-二聚体检测数值（μg/ml FEU）_3.76,分类,0/8 (0.0%),0/24 (0.0%),Fisher精确,1.0
首次异常D-二聚体检测数值（μg/ml FEU）_3.75,分类,0/8 (0.0%),0/24 (0.0%),Fisher精确,1.0
首次异常D-二聚体检测数值（μg/ml FEU）_3.71,分类,0/8 (0.0%),0/24 (0.0%),Fisher精确,1.0
首次异常D-二聚体检测数值（μg/ml FEU）_3.67,分类,0/8 (0.0%),0/24 (0.0%),Fisher精确,1.0
首次异常D-二聚体检测数值（μg/ml FEU）_3.66,分类,0/8 (0.0%),0/24 (0.0%),Fisher精确,1.0
首次异常D-二聚体检测数值（μg/ml FEU）_3.65,分类,0/8 (0.0%),0/24 (0.0%),Fisher精确,1.0
首次异常D-二聚体检测数值（μg/ml FEU）_3.61,分类,0/8 (0.0%),1/24 (4.2%),Fisher精确,1.0
首次异常D-二聚体检测数值（μg/ml FEU）_3.57,分类,0/8 (0.0%),0/24 (0.0%),Fisher精确,1.0
首次异常D-二聚体检测数值（μg/ml FEU）_3.54,分类,0/8 (0.0%),0/24 (0.0%),Fisher精确,1.0
首次异常D-二聚体检测数值（μg/ml FEU）_3.53,分类,0/8 (0.0%),0/24 (0.0%),Fisher精确,1.0
首次异常D-二聚体检测数值（μg/ml FEU）_3.4,分类,0/8 (0.0%),0/24 (0.0%),Fisher精确,1.0
首次异常D-二聚体检测数值（μg/ml FEU）_3.28,分类,0/8 (0.0%),0/24 (0.0%),Fisher精确,1.0
首次异常D-二聚体检测数值（μg/ml FEU）_3.25,分类,0/8 (0.0%),0/24 (0.0%),Fisher精确,1.0
首次异常D-二聚体检测数值（μg/ml FEU）_3.24,分类,0/8 (0.0%),0/24 (0.0%),Fisher精确,1.0
首次异常D-二聚体检测数值（μg/ml FEU）_3.21,分类,0/8 (0.0%),0/24 (0.0%),Fisher精确,1.0
入院科室_血液科,分类,0/8 (0.0%),0/24 (0.0%),Fisher精确,1.0
入院科室_脊柱外科,分类,0/8 (0.0%),0/24 (0.0%),Fisher精确,1.0
入院科室_肾内科,分类,0/8 (0.0%),2/24 (8.3%),Fisher精确,1.0
入院科室_老年医学科,分类,0/8 (0.0%),1/24 (4.2%),Fisher精确,1.0
入院科室_神经外科,分类,0/8 (0.0%),2/24 (8.3%),Fisher精确,1.0
入院科室_神经内科,分类,0/8 (0.0%),0/24 (0.0%),Fisher精确,1.0
入院科室_甲乳血管外科,分类,0/8 (0.0%),0/24 (0.0%),Fisher精确,1.0
入院科室_甲乳外科,分类,0/8 (0.0%),1/24 (4.2%),Fisher精确,1.0
入院科室_消化内科,分类,0/8 (0.0%),1/24 (4.2%),Fisher精确,1.0
入院科室_泌尿外科,分类,1/8 (12.5%),2/24 (8.3%),Fisher精确,1.0
入院科室_普外科,分类,0/8 (0.0%),0/24 (0.0%),Fisher精确,1.0
入院科室_感染科,分类,0/8 (0.0%),0/24 (0.0%),Fisher精确,1.0
首次异常D-二聚体检测数值（μg/ml FEU）_4.58,分类,0/8 (0.0%),0/24 (0.0%),Fisher精确,1.0
首次异常D-二聚体检测数值（μg/ml FEU）_4.56,分类,0/8 (0.0%),0/24 (0.0%),Fisher精确,1.0
首次异常D-二聚体检测数值（μg/ml FEU）_4.4,分类,0/8 (0.0%),0/24 (0.0%),Fisher精确,1.0
首次异常D-二聚体检测数值（μg/ml FEU）_4.38,分类,0/8 (0.0%),0/24 (0.0%),Fisher精确,1.0
首次异常D-二聚体检测数值（μg/ml FEU）_4.27,分类,0/8 (0.0%),0/24 (0.0%),Fisher精确,1.0
首次异常D-二聚体检测数值（μg/ml FEU）_4.2,分类,0/8 (0.0%),0/24 (0.0%),Fisher精确,1.0
首次异常D-二聚体检测数值（μg/ml FEU）_4.18,分类,0/8 (0.0%),0/24 (0.0%),Fisher精确,1.0
首次异常D-二聚体检测数值（μg/ml FEU）_4.16,分类,0/8 (0.0%),0/24 (0.0%),Fisher精确,1.0
首次异常D-二聚体检测数值（μg/ml FEU）_3.88,分类,0/8 (0.0%),1/24 (4.2%),Fisher精确,1.0
首次异常D-二聚体检测数值（μg/ml FEU）_3.82,分类,0/8 (0.0%),0/24 (0.0%),Fisher精确,1.0
首次异常D-二聚体检测数值（μg/ml FEU）_3.81,分类,0/8 (0.0%),0/24 (0.0%),Fisher精确,1.0
首次异常D-二聚体检测数值（μg/ml FEU）_3.8,分类,0/8 (0.0%),0/24 (0.0%),Fisher精确,1.0
首次异常D-二聚体检测数值（μg/ml FEU）_3.78,分类,0/8 (0.0%),0/24 (0.0%),Fisher精确,1.0
首次异常D-二聚体检测数值（μg/ml FEU）_3.77,分类,0/8 (0.0%),0/24 (0.0%),Fisher精确,1.0
首次异常D-二聚体检测数值（μg/ml FEU）_5.3,分类,0/8 (0.0%),0/24 (0.0%),Fisher精确,1.0
首次异常D-二聚体检测数值（μg/ml FEU）_5.22,分类,0/8 (0.0%),0/24 (0.0%),Fisher精确,1.0
首次异常D-二聚体检测数值（μg/ml FEU）_5.01,分类,0/8 (0.0%),0/24 (0.0%),Fisher精确,1.0
首次异常D-二聚体检测数值（μg/ml FEU）_4.98,分类,0/8 (0.0%),0/24 (0.0%),Fisher精确,1.0
首次异常D-二聚体检测数值（μg/ml FEU）_4.92,分类,0/8 (0.0%),0/24 (0.0%),Fisher精确,1.0
首次异常D-二聚体检测数值（μg/ml FEU）_4.91,分类,0/8 (0.0%),0/24 (0.0%),Fisher精确,1.0
首次异常D-二聚体检测数值（μg/ml FEU）_4.9,分类,0/8 (0.0%),0/24 (0.0%),Fisher精确,1.0
首次异常D-二聚体检测数值（μg/ml FEU）_4.82,分类,0/8 (0.0%),0/24 (0.0%),Fisher精确,1.0
首次异常D-二聚体检测数值（μg/ml FEU）_4.77,分类,0/8 (0.0%),1/24 (4.2%),Fisher精确,1.0
首次异常D-二聚体检测数值（μg/ml FEU）_4.76,分类,0/8 (0.0%),0/24 (0.0%),Fisher精确,1.0
首次异常D-二聚体检测数值（μg/ml FEU）_4.75,分类,0/8 (0.0%),0/24 (0.0%),Fisher精确,1.0
首次异常D-二聚体检测数值（μg/ml FEU）_4.72,分类,0/8 (0.0%),0/24 (0.0%),Fisher精确,1.0
首次异常D-二聚体检测数值（μg/ml FEU）_4.67,分类,0/8 (0.0%),0/24 (0.0%),Fisher精确,1.0
首次异常D-二聚体检测数值（μg/ml FEU）_4.63,分类,0/8 (0.0%),0/24 (0.0%),Fisher精确,1.0
首次异常D-二聚体检测数值（μg/ml FEU）_4.61,分类,0/8 (0.0%),0/24 (0.0%),Fisher精确,1.0
首次异常D-二聚体检测数值（μg/ml FEU）_6.6,分类,0/8 (0.0%),0/24 (0.0%),Fisher精确,1.0
首次异常D-二聚体检测数值（μg/ml FEU）_6.59,分类,0/8 (0.0%),0/24 (0.0%),Fisher精确,1.0
首次异常D-二聚体检测数值（μg/ml FEU）_6.55,分类,0/8 (0.0%),0/24 (0.0%),Fisher精确,1.0
首次异常D-二聚体检测数值（μg/ml FEU）_6.47,分类,0/8 (0.0%),0/24 (0.0%),Fisher精确,1.0
首次异常D-二聚体检测数值（μg/ml FEU）_6.4,分类,0/8 (0.0%),0/24 (0.0%),Fisher精确,1.0
首次异常D-二聚体检测数值（μg/ml FEU）_6.18,分类,0/8 (0.0%),0/24 (0.0%),Fisher精确,1.0
首次异常D-二聚体检测数值（μg/ml FEU）_6.12,分类,0/8 (0.0%),0/24 (0.0%),Fisher精确,1.0
首次异常D-二聚体检测数值（μg/ml FEU）_5.97,分类,0/8 (0.0%),0/24 (0.0%),Fisher精确,1.0
首次异常D-二聚体检测数值（μg/ml FEU）_5.86,分类,0/8 (0.0%),0/24 (0.0%),Fisher精确,1.0
首次异常D-二聚体检测数值（μg/ml FEU）_5.85,分类,0/8 (0.0%),0/24 (0.0%),Fisher精确,1.0
首次异常D-二聚体检测数值（μg/ml FEU）_5.84,分类,0/8 (0.0%),0/24 (0.0%),Fisher精确,1.0
首次异常D-二聚体检测数值（μg/ml FEU）_5.746,分类,0/8 (0.0%),0/24 (0.0%),Fisher精确,1.0
首次异常D-二聚体检测数值（μg/ml FEU）_5.74,分类,0/8 (0.0%),0/24 (0.0%),Fisher精确,1.0
首次异常D-二聚体检测数值（μg/ml FEU）_5.58,分类,0/8 (0.0%),0/24 (0.0%),Fisher精确,1.0
首次异常D-二聚体检测数值（μg/ml FEU）_9.14,分类,0/8 (0.0%),0/24 (0.0%),Fisher精确,1.0
首次异常D-二聚体检测数值（μg/ml FEU）_8.8,分类,0/8 (0.0%),0/24 (0.0%),Fisher精确,1.0
首次异常D-二聚体检测数值（μg/ml FEU）_8.4,分类,0/8 (0.0%),0/24 (0.0%),Fisher精确,1.0
首次异常D-二聚体检测数值（μg/ml FEU）_8.39,分类,0/8 (0.0%),0/24 (0.0%),Fisher精确,1.0
首次异常D-二聚体检测数值（μg/ml FEU）_7.85,分类,0/8 (0.0%),0/24 (0.0%),Fisher精确,1.0
首次异常D-二聚体检测数值（μg/ml FEU）_7.79,分类,0/8 (0.0%),0/24 (0.0%),Fisher精确,1.0
首次异常D-二聚体检测数值（μg/ml FEU）_7.62,分类,0/8 (0.0%),0/24 (0.0%),Fisher精确,1.0
首次异常D-二聚体检测数值（μg/ml FEU）_7.58,分类,0/8 (0.0%),1/24 (4.2%),Fisher精确,1.0
首次异常D-二聚体检测数值（μg/ml FEU）_7.52,分类,0/8 (0.0%),0/24 (0.0%),Fisher精确,1.0
首次异常D-二聚体检测数值（μg/ml FEU）_7.44,分类,0/8 (0.0%),0/24 (0.0%),Fisher精确,1.0
首次异常D-二聚体检测数值（μg/ml FEU）_7.32,分类,0/8 (0.0%),0/24 (0.0%),Fisher精确,1.0
首次异常D-二聚体检测数值（μg/ml FEU）_7.26,分类,0/8 (0.0%),0/24 (0.0%),Fisher精确,1.0
首次异常D-二聚体检测数值（μg/ml FEU）_7.18,分类,0/8 (0.0%),0/24 (0.0%),Fisher精确,1.0
首次异常D-二聚体检测数值（μg/ml FEU）_7.17,分类,0/8 (0.0%),0/24 (0.0%),Fisher精确,1.0
首次异常D-二聚体检测数值（μg/ml FEU）_7.03,分类,0/8 (0.0%),0/24 (0.0%),Fisher精确,1.0
首次异常D-二聚体检测数值（μg/ml FEU）_6.74,分类,0/8 (0.0%),0/24 (0.0%),Fisher精确,1.0
首次异常D-二聚体检测数值（μg/ml FEU）_16.488,分类,0/8 (0.0%),0/24 (0.0%),Fisher精确,1.0
首次异常D-二聚体检测数值（μg/ml FEU）_15.63,分类,0/8 (0.0%),0/24 (0.0%),Fisher精确,1.0
首次异常D-二聚体检测数值（μg/ml FEU）_14.52,分类,0/8 (0.0%),0/24 (0.0%),Fisher精确,1.0
首次异常D-二聚体检测数值（μg/ml FEU）_14.44,分类,0/8 (0.0%),0/24 (0.0%),Fisher精确,1.0
首次异常D-二聚体检测数值（μg/ml FEU）_14.19,分类,0/8 (0.0%),0/24 (0.0%),Fisher精确,1.0
首次异常D-二聚体检测数值（μg/ml FEU）_13.67,分类,0/8 (0.0%),0/24 (0.0%),Fisher精确,1.0
首次异常D-二聚体检测数值（μg/ml FEU）_12.55,分类,0/8 (0.0%),0/24 (0.0%),Fisher精确,1.0
首次异常D-二聚体检测数值（μg/ml FEU）_12.13,分类,0/8 (0.0%),0/24 (0.0%),Fisher精确,1.0
首次异常D-二聚体检测数值（μg/ml FEU）_11.33,分类,0/8 (0.0%),0/24 (0.0%),Fisher精确,1.0
首次异常D-二聚体检测数值（μg/ml FEU）_11.18,分类,0/8 (0.0%),0/24 (0.0%),Fisher精确,1.0
首次异常D-二聚体检测数值（μg/ml FEU）_10.68,分类,0/8 (0.0%),0/24 (0.0%),Fisher精确,1.0
首次异常D-二聚体检测数值（μg/ml FEU）_10.42,分类,0/8 (0.0%),0/24 (0.0%),Fisher精确,1.0
首次异常D-二聚体检测数值（μg/ml FEU）_10.34,分类,0/8 (0.0%),0/24 (0.0%),Fisher精确,1.0
首次异常D-二聚体检测数值（μg/ml FEU）_9.99,分类,0/8 (0.0%),0/24 (0.0%),Fisher精确,1.0
首次异常D-二聚体检测数值（μg/ml FEU）_9.23,分类,0/8 (0.0%),0/24 (0.0%),Fisher精确,1.0
首次异常D-二聚体检测数值（μg/ml FEU）_9.21,分类,0/8 (0.0%),0/24 (0.0%),Fisher精确,1.0
主要疾病诊断_.双侧亚急性硬膜下血肿,分类,0/8 (0.0%),0/24 (0.0%),Fisher精确,1.0
首次异常D-二聚体检测数值（μg/ml FEU）_＞20.00,分类,0/8 (0.0%),0/24 (0.0%),Fisher精确,1.0
首次异常D-二聚体检测数值（μg/ml FEU）_69.25,分类,0/8 (0.0%),0/24 (0.0%),Fisher精确,1.0
首次异常D-二聚体检测数值（μg/ml FEU）_63.67,分类,0/8 (0.0%),0/24 (0.0%),Fisher精确,1.0
首次异常D-二聚体检测数值（μg/ml FEU）_50.54,分类,0/8 (0.0%),0/24 (0.0%),Fisher精确,1.0
首次异常D-二聚体检测数值（μg/ml FEU）_45.99,分类,0/8 (0.0%),0/24 (0.0%),Fisher精确,1.0
首次异常D-二聚体检测数值（μg/ml FEU）_29.74,分类,0/8 (0.0%),0/24 (0.0%),Fisher精确,1.0
首次异常D-二聚体检测数值（μg/ml FEU）_26.67,分类,0/8 (0.0%),0/24 (0.0%),Fisher精确,1.0
首次异常D-二聚体检测数值（μg/ml FEU）_25.44,分类,0/8 (0.0%),0/24 (0.0%),Fisher精确,1.0
首次异常D-二聚体检测数值（μg/ml FEU）_25.39,分类,0/8 (0.0%),0/24 (0.0%),Fisher精确,1.0
首次异常D-二聚体检测数值（μg/ml FEU）_24.08,分类,0/8 (0.0%),0/24 (0.0%),Fisher精确,1.0
首次异常D-二聚体检测数值（μg/ml FEU）_23.42,分类,0/8 (0.0%),0/24 (0.0%),Fisher精确,1.0
首次异常D-二聚体检测数值（μg/ml FEU）_22.0,分类,0/8 (0.0%),0/24 (0.0%),Fisher精确,1.0
首次异常D-二聚体检测数值（μg/ml FEU）_21.7,分类,0/8 (0.0%),0/24 (0.0%),Fisher精确,1.0
首次异常D-二聚体检测数值（μg/ml FEU）_18.12,分类,0/8 (0.0%),0/24 (0.0%),Fisher精确,1.0
首次异常D-二聚体检测数值（μg/ml FEU）_16.9,分类,0/8 (0.0%),0/24 (0.0%),Fisher精确,1.0
主要疾病诊断_乳腺恶性肿瘤,分类,0/8 (0.0%),1/24 (4.2%),Fisher精确,1.0
主要疾病诊断_乙状结肠肿瘤,分类,0/8 (0.0%),0/24 (0.0%),Fisher精确,1.0
主要疾病诊断_丙型肝炎后肝硬化失代偿期,分类,0/8 (0.0%),0/24 (0.0%),Fisher精确,1.0
主要疾病诊断_丘脑出血,分类,0/8 (0.0%),0/24 (0.0%),Fisher精确,1.0
主要疾病诊断_不稳定型心绞痛,分类,0/8 (0.0%),1/24 (4.2%),Fisher精确,1.0
主要疾病诊断_下肢静脉闭塞(右髂静脉),分类,0/8 (0.0%),1/24 (4.2%),Fisher精确,1.0
主要疾病诊断_下肢静脉血栓形成,分类,0/8 (0.0%),0/24 (0.0%),Fisher精确,1.0
主要疾病诊断_下肢静脉血栓,分类,0/8 (0.0%),0/24 (0.0%),Fisher精确,1.0
主要疾病诊断_下肢静脉曲张伴静脉炎( 左),分类,0/8 (0.0%),0/24 (0.0%),Fisher精确,1.0
主要疾病诊断_下肢静脉曲张,分类,0/8 (0.0%),0/24 (0.0%),Fisher精确,1.0
主要疾病诊断_下肢肌肉损伤,分类,0/8 (0.0%),0/24 (0.0%),Fisher精确,1.0
主要疾病诊断_下肢深静脉血栓形成,分类,0/8 (0.0%),0/24 (0.0%),Fisher精确,1.0
主要疾病诊断_2型糖尿病足,分类,0/8 (0.0%),0/24 (0.0%),Fisher精确,1.0
主要疾病诊断_2型糖尿病性下肢感染,分类,0/8 (0.0%),0/24 (0.0%),Fisher精确,1.0
主要疾病诊断_2型糖尿病,分类,0/8 (0.0%),0/24 (0.0%),Fisher精确,1.0
主要疾病诊断_1.双侧乳腺肿物性质待查：纤维腺瘤？乳腺腺病？乳腺癌？,分类,0/8 (0.0%),0/24 (0.0%),Fisher精确,1.0
主要疾病诊断_双侧颈内动脉C5段动脉瘤可能,分类,0/8 (0.0%),0/24 (0.0%),Fisher精确,1.0
主要疾病诊断_双侧膝关节骨性关节病,分类,0/8 (0.0%),0/24 (0.0%),Fisher精确,1.0
主要疾病诊断_双侧腹股沟复发性直疝,分类,0/8 (0.0%),0/24 (0.0%),Fisher精确,1.0
主要疾病诊断_卵巢黏液性囊腺瘤(右侧),分类,0/8 (0.0%),0/24 (0.0%),Fisher精确,1.0
主要疾病诊断_十二指肠腺癌并出血,分类,0/8 (0.0%),0/24 (0.0%),Fisher精确,1.0
主要疾病诊断_动静脉内瘘狭窄(左上肢) 慢性肾脏病V期 慢性肾脏病贫血 慢性心力衰竭 肾性高血压 继发性甲状旁腺功能亢进 高磷血症 低钙血症,分类,0/8 (0.0%),0/24 (0.0%),Fisher精确,1.0
主要疾病诊断_前列腺恶性肿瘤并多发骨转移,分类,0/8 (0.0%),0/24 (0.0%),Fisher精确,1.0
主要疾病诊断_出血性脑梗死,分类,0/8 (0.0%),0/24 (0.0%),Fisher精确,1.0
主要疾病诊断_冠状动脉粥样硬化性心脏病 三支病变,分类,0/8 (0.0%),0/24 (0.0%),Fisher精确,1.0
主要疾病诊断_冠状动脉粥样硬化性心脏病,分类,0/8 (0.0%),0/24 (0.0%),Fisher精确,1.0
主要疾病诊断_再生障碍性贫血,分类,0/8 (0.0%),0/24 (0.0%),Fisher精确,1.0
主要疾病诊断_全身多发损伤,分类,0/8 (0.0%),0/24 (0.0%),Fisher精确,1.0
主要疾病诊断_充血性心力衰竭,分类,0/8 (0.0%),0/24 (0.0%),Fisher精确,1.0
主要疾病诊断_便血,分类,0/8 (0.0%),0/24 (0.0%),Fisher精确,1.0
主要疾病诊断_低钾血症,分类,0/8 (0.0%),0/24 (0.0%),Fisher精确,1.0
主要疾病诊断_右肺嗜肺军团菌肺炎,分类,0/8 (0.0%),0/24 (0.0%),Fisher精确,1.0
主要疾病诊断_右肺上叶腺癌术后,分类,0/8 (0.0%),0/24 (0.0%),Fisher精确,1.0
主要疾病诊断_右侧髌骨骨折,分类,0/8 (0.0%),0/24 (0.0%),Fisher精确,1.0
主要疾病诊断_右侧颞叶出血,分类,0/8 (0.0%),0/24 (0.0%),Fisher精确,1.0
主要疾病诊断_右侧胫骨髁间棘骨折,分类,0/8 (0.0%),0/24 (0.0%),Fisher精确,1.0
主要疾病诊断_右侧股骨头缺血性坏死,分类,0/8 (0.0%),0/24 (0.0%),Fisher精确,1.0
主要疾病诊断_右侧基底节区脑出血,分类,0/8 (0.0%),0/24 (0.0%),Fisher精确,1.0
主要疾病诊断_右侧丘脑出血,分类,0/8 (0.0%),0/24 (0.0%),Fisher精确,1.0
主要疾病诊断_右乳导管乳头状原位癌（pTisN0M0 0期）,分类,0/8 (0.0%),0/24 (0.0%),Fisher精确,1.0
主要疾病诊断_取除下腔静脉滤器,分类,0/8 (0.0%),0/24 (0.0%),Fisher精确,1.0
主要疾病诊断_发热查因：重症肺炎？其他？,分类,0/8 (0.0%),0/24 (0.0%),Fisher精确,1.0
主要疾病诊断_发热、呕吐,分类,0/8 (0.0%),0/24 (0.0%),Fisher精确,1.0
主要疾病诊断_发热(社区获得性肺炎？) ,分类,0/8 (0.0%),0/24 (0.0%),Fisher精确,1.0
主要疾病诊断_双肾多发错构瘤,分类,0/8 (0.0%),0/24 (0.0%),Fisher精确,1.0
主要疾病诊断_双肺肺炎（肺炎克雷伯杆菌+白色念珠菌+克柔念珠菌）,分类,0/8 (0.0%),0/24 (0.0%),Fisher精确,1.0
主要疾病诊断_双肺肺炎,分类,0/8 (0.0%),0/24 (0.0%),Fisher精确,1.0
主要疾病诊断_大气道狭窄,分类,0/8 (0.0%),0/24 (0.0%),Fisher精确,1.0
主要疾病诊断_多处受压区压疮 IV期,分类,0/8 (0.0%),0/24 (0.0%),Fisher精确,1.0
主要疾病诊断_多发颅内动脉瘤破裂伴蛛网膜下腔出血,分类,0/8 (0.0%),0/24 (0.0%),Fisher精确,1.0
主要疾病诊断_多发性大脑挫裂伤(双侧额叶、颞叶),分类,0/8 (0.0%),0/24 (0.0%),Fisher精确,1.0
主要疾病诊断_基底节出血(左侧) ,分类,0/8 (0.0%),0/24 (0.0%),Fisher精确,1.0
主要疾病诊断_基底节出血(左侧),分类,0/8 (0.0%),0/24 (0.0%),Fisher精确,1.0
主要疾病诊断_基底节出血(右侧基底节、丘脑、侧脑室旁白质) ,分类,0/8 (0.0%),0/24 (0.0%),Fisher精确,1.0
主要疾病诊断_基底节出血(右侧),分类,0/8 (0.0%),0/24 (0.0%),Fisher精确,1.0
主要疾病诊断_咯血,分类,0/8 (0.0%),0/24 (0.0%),Fisher精确,1.0
主要疾病诊断_呼吸心跳骤停,分类,0/8 (0.0%),0/24 (0.0%),Fisher精确,1.0
主要疾病诊断_呼吸困难,分类,0/8 (0.0%),0/24 (0.0%),Fisher精确,1.0
主要疾病诊断_吞咽困难,分类,0/8 (0.0%),0/24 (0.0%),Fisher精确,1.0
主要疾病诊断_右髂骨粉碎性骨折,分类,0/8 (0.0%),0/24 (0.0%),Fisher精确,1.0
主要疾病诊断_右膝半月板损伤,分类,0/8 (0.0%),0/24 (0.0%),Fisher精确,1.0
主要疾病诊断_右胫骨骨折 ,分类,0/8 (0.0%),0/24 (0.0%),Fisher精确,1.0
主要疾病诊断_右肺肺炎,分类,0/8 (0.0%),0/24 (0.0%),Fisher精确,1.0
主要疾病诊断_左侧椎动脉V4段夹层动脉瘤,分类,0/8 (0.0%),0/24 (0.0%),Fisher精确,1.0
主要疾病诊断_左侧大隐静脉曲张,分类,0/8 (0.0%),0/24 (0.0%),Fisher精确,1.0
主要疾病诊断_左侧多发肋骨骨折（4-8肋）,分类,0/8 (0.0%),0/24 (0.0%),Fisher精确,1.0
主要疾病诊断_左侧基底节脑出血,分类,0/8 (0.0%),0/24 (0.0%),Fisher精确,1.0
主要疾病诊断_左侧基底节区脑出血,分类,0/8 (0.0%),0/24 (0.0%),Fisher精确,1.0
主要疾病诊断_左侧基底节区出血,分类,0/8 (0.0%),0/24 (0.0%),Fisher精确,1.0
主要疾病诊断_尿毒症,分类,0/8 (0.0%),0/24 (0.0%),Fisher精确,1.0
主要疾病诊断_子宫颈鳞状细胞癌(IB1期),分类,0/8 (0.0%),1/24 (4.2%),Fisher精确,1.0
主要疾病诊断_头晕查因：后循环缺血？,分类,0/8 (0.0%),0/24 (0.0%),Fisher精确,1.0
主要疾病诊断_大面积脑梗死,分类,0/8 (0.0%),0/24 (0.0%),Fisher精确,1.0
主要疾病诊断_大面积肺栓塞（高危组 ）,分类,0/8 (0.0%),0/24 (0.0%),Fisher精确,1.0
主要疾病诊断_大脑动脉闭塞脑梗死,分类,0/8 (0.0%),0/24 (0.0%),Fisher精确,1.0
主要疾病诊断_大脑前-前交通动脉瘤破裂伴蛛网膜下腔出血,分类,0/8 (0.0%),0/24 (0.0%),Fisher精确,1.0
主要疾病诊断_大脑中动脉瘤破裂伴蛛网膜下隙出血,分类,0/8 (0.0%),0/24 (0.0%),Fisher精确,1.0
主要疾病诊断_大脑中动脉狭窄,分类,0/8 (0.0%),0/24 (0.0%),Fisher精确,1.0
主要疾病诊断_急性大面积脑梗死,分类,0/8 (0.0%),0/24 (0.0%),Fisher精确,1.0
主要疾病诊断_急性多发脑梗死,分类,0/8 (0.0%),0/24 (0.0%),Fisher精确,1.0
主要疾病诊断_急性冠脉综合征,分类,0/8 (0.0%),0/24 (0.0%),Fisher精确,1.0
主要疾病诊断_急性上消化道出血：消化性溃疡并出血,分类,0/8 (0.0%),0/24 (0.0%),Fisher精确,1.0
主要疾病诊断_心源性脑栓塞,分类,0/8 (0.0%),0/24 (0.0%),Fisher精确,1.0
主要疾病诊断_心力衰竭,分类,0/8 (0.0%),0/24 (0.0%),Fisher精确,1.0
主要疾病诊断_左额叶、胼胝体膝部脑出血,分类,0/8 (0.0%),0/24 (0.0%),Fisher精确,1.0
主要疾病诊断_左腕关节腱鞘囊肿,分类,0/8 (0.0%),0/24 (0.0%),Fisher精确,1.0
主要疾病诊断_左腋神经损伤,分类,0/8 (0.0%),0/24 (0.0%),Fisher精确,1.0
主要疾病诊断_左胫骨平台骨折,分类,0/8 (0.0%),0/24 (0.0%),Fisher精确,1.0
主要疾病诊断_左肺腺癌Ⅲ期,分类,0/8 (0.0%),0/24 (0.0%),Fisher精确,1.0
主要疾病诊断_左股骨颈骨折,分类,0/8 (0.0%),0/24 (0.0%),Fisher精确,1.0
主要疾病诊断_左股骨粗隆下骨折术后,分类,0/8 (0.0%),0/24 (0.0%),Fisher精确,1.0
主要疾病诊断_左侧附件区转移性鳞癌,分类,0/8 (0.0%),0/24 (0.0%),Fisher精确,1.0
主要疾病诊断_左侧胫骨平台骨折,分类,0/8 (0.0%),0/24 (0.0%),Fisher精确,1.0
主要疾病诊断_左侧股骨颈骨折,分类,0/8 (0.0%),0/24 (0.0%),Fisher精确,1.0
主要疾病诊断_急性阑尾炎，急性胃肠炎,分类,0/8 (0.0%),0/24 (0.0%),Fisher精确,1.0
主要疾病诊断_急性脑血管病,分类,0/8 (0.0%),0/24 (0.0%),Fisher精确,1.0
主要疾病诊断_急性脑梗死？,分类,0/8 (0.0%),0/24 (0.0%),Fisher精确,1.0
主要疾病诊断_急性脑梗死（左侧大脑半球）,分类,0/8 (0.0%),0/24 (0.0%),Fisher精确,1.0
主要疾病诊断_急性脑梗死(左侧额顶枕叶、左侧侧脑室旁、右侧额叶 心源性栓塞型可能性大),分类,0/8 (0.0%),0/24 (0.0%),Fisher精确,1.0
主要疾病诊断_急性脑梗死 ,分类,0/8 (0.0%),0/24 (0.0%),Fisher精确,1.0
主要疾病诊断_急性脑梗死,分类,0/8 (0.0%),0/24 (0.0%),Fisher精确,1.0
主要疾病诊断_急性胆囊炎,分类,0/8 (0.0%),0/24 (0.0%),Fisher精确,1.0
主要疾病诊断_急性肺栓塞,分类,0/8 (0.0%),0/24 (0.0%),Fisher精确,1.0
主要疾病诊断_急性肺动脉栓塞,分类,0/8 (0.0%),0/24 (0.0%),Fisher精确,1.0
主要疾病诊断_急性疼痛,分类,0/8 (0.0%),0/24 (0.0%),Fisher精确,1.0
主要疾病诊断_急性消化道穿孔,分类,0/8 (0.0%),0/24 (0.0%),Fisher精确,1.0
主要疾病诊断_急性消化道出血：消化性溃疡并出血？,分类,0/8 (0.0%),1/24 (4.2%),Fisher精确,1.0
主要疾病诊断_急性暴发性心肌炎,分类,0/8 (0.0%),1/24 (4.2%),Fisher精确,1.0
主要疾病诊断_急性心力衰竭,分类,0/8 (0.0%),0/24 (0.0%),Fisher精确,1.0
主要疾病诊断_急性广泛前壁心肌梗死,分类,0/8 (0.0%),0/24 (0.0%),Fisher精确,1.0
主要疾病诊断_手术后恶性肿瘤化学治疗,分类,0/8 (0.0%),1/24 (4.2%),Fisher精确,1.0
主要疾病诊断_成人Ph-急性淋巴细胞白血病,分类,0/8 (0.0%),1/24 (4.2%),Fisher精确,1.0
主要疾病诊断_慢性阻塞性肺病伴有急性加重,分类,0/8 (0.0%),0/24 (0.0%),Fisher精确,1.0
主要疾病诊断_慢性阻塞性肺病伴有急性下呼吸道感染,分类,0/8 (0.0%),0/24 (0.0%),Fisher精确,1.0
主要疾病诊断_慢性肾脏病V期 慢性心力衰竭 肾性贫血 低钙血症 高磷血症,分类,0/8 (0.0%),1/24 (4.2%),Fisher精确,1.0
主要疾病诊断_慢性肾脏病IV期 肾性贫血 高磷血症 继发性甲状旁腺功能亢进 代谢性酸中毒 血液透析 血管透析导管的机械性并发症,分类,0/8 (0.0%),1/24 (4.2%),Fisher精确,1.0
主要疾病诊断_慢性肾脏病5期,分类,0/8 (0.0%),0/24 (0.0%),Fisher精确,1.0
主要疾病诊断_慢性肺源性心脏病失代偿期,分类,0/8 (0.0%),0/24 (0.0%),Fisher精确,1.0
主要疾病诊断_感染性休克,分类,0/8 (0.0%),0/24 (0.0%),Fisher精确,1.0
主要疾病诊断_意识障碍(查因),分类,0/8 (0.0%),1/24 (4.2%),Fisher精确,1.0
主要疾病诊断_恶性肿瘤靶向治疗,分类,0/8 (0.0%),0/24 (0.0%),Fisher精确,1.0
主要疾病诊断_恶性肿瘤维持性化学治疗,分类,0/8 (0.0%),0/24 (0.0%),Fisher精确,1.0
主要疾病诊断_恶性肿瘤术后靶向治疗,分类,0/8 (0.0%),0/24 (0.0%),Fisher精确,1.0
主要疾病诊断_急性非ST段抬高型心肌梗死,分类,0/8 (0.0%),0/24 (0.0%),Fisher精确,1.0
主要疾病诊断_神经痛,分类,0/8 (0.0%),0/24 (0.0%),Fisher精确,1.0
主要疾病诊断_社区获得性肺炎，非重症,分类,0/8 (0.0%),0/24 (0.0%),Fisher精确,1.0
主要疾病诊断_社区获得性肺炎，重症,分类,0/8 (0.0%),0/24 (0.0%),Fisher精确,1.0
主要疾病诊断_社区获得性肺炎 ,分类,0/8 (0.0%),0/24 (0.0%),Fisher精确,1.0
主要疾病诊断_社区获得性肺炎,分类,0/8 (0.0%),0/24 (0.0%),Fisher精确,1.0
主要疾病诊断_痛风性关节炎,分类,0/8 (0.0%),0/24 (0.0%),Fisher精确,1.0
主要疾病诊断_症状性癫痫,分类,0/8 (0.0%),0/24 (0.0%),Fisher精确,1.0
主要疾病诊断_特鲁索综合征,分类,0/8 (0.0%),0/24 (0.0%),Fisher精确,1.0
主要疾病诊断_泌尿外科,分类,0/8 (0.0%),0/24 (0.0%),Fisher精确,1.0
"主要疾病诊断_横结肠低分化腺癌TxNxM1,Ⅳ期",分类,0/8 (0.0%),0/24 (0.0%),Fisher精确,1.0
主要疾病诊断_梗阻性黄疸,分类,0/8 (0.0%),0/24 (0.0%),Fisher精确,1.0
主要疾病诊断_易栓症,分类,0/8 (0.0%),0/24 (0.0%),Fisher精确,1.0
主要疾病诊断_支气管或肺恶性肿瘤,分类,0/8 (0.0%),0/24 (0.0%),Fisher精确,1.0
主要疾病诊断_支气管哮喘,分类,0/8 (0.0%),0/24 (0.0%),Fisher精确,1.0
主要疾病诊断_抗合成酶综合征,分类,0/8 (0.0%),0/24 (0.0%),Fisher精确,1.0
主要疾病诊断_手术后恶性肿瘤化学治疗第三次化疗后,分类,0/8 (0.0%),0/24 (0.0%),Fisher精确,1.0
主要疾病诊断_肾上腺肿物(左侧),分类,0/8 (0.0%),0/24 (0.0%),Fisher精确,1.0
主要疾病诊断_肺部感染,分类,0/8 (0.0%),0/24 (0.0%),Fisher精确,1.0
主要疾病诊断_肺继发性恶性肿瘤,分类,0/8 (0.0%),0/24 (0.0%),Fisher精确,1.0
主要疾病诊断_肺炎,分类,0/8 (0.0%),0/24 (0.0%),Fisher精确,1.0
主要疾病诊断_肺栓塞？,分类,0/8 (0.0%),0/24 (0.0%),Fisher精确,1.0
主要疾病诊断_肺栓塞,分类,0/8 (0.0%),0/24 (0.0%),Fisher精确,1.0
主要疾病诊断_肺挫伤,分类,0/8 (0.0%),0/24 (0.0%),Fisher精确,1.0
主要疾病诊断_肺恶性肿瘤,分类,0/8 (0.0%),1/24 (4.2%),Fisher精确,1.0
主要疾病诊断_股骨骨折后遗症,分类,0/8 (0.0%),1/24 (4.2%),Fisher精确,1.0
主要疾病诊断_股骨颈骨折(右侧),分类,0/8 (0.0%),0/24 (0.0%),Fisher精确,1.0
主要疾病诊断_股骨转子间骨折,分类,0/8 (0.0%),0/24 (0.0%),Fisher精确,1.0
主要疾病诊断_肝脏转移瘤,分类,0/8 (0.0%),0/24 (0.0%),Fisher精确,1.0
主要疾病诊断_肌筋膜炎,分类,0/8 (0.0%),0/24 (0.0%),Fisher精确,1.0
主要疾病诊断_结肠恶性肿瘤,分类,0/8 (0.0%),1/24 (4.2%),Fisher精确,1.0
主要疾病诊断_细菌性肺炎,分类,0/8 (0.0%),0/24 (0.0%),Fisher精确,1.0
主要疾病诊断_类风湿性关节炎,分类,0/8 (0.0%),0/24 (0.0%),Fisher精确,1.0
主要疾病诊断_胸段脊髓胶质瘤，WHO2级,分类,0/8 (0.0%),0/24 (0.0%),Fisher精确,1.0
主要疾病诊断_胸椎骨折,分类,0/8 (0.0%),0/24 (0.0%),Fisher精确,1.0
主要疾病诊断_胸椎脱位t11/t12,分类,0/8 (0.0%),0/24 (0.0%),Fisher精确,1.0
主要疾病诊断_胫腓骨下端骨折(胫腓骨下端骨折术后),分类,0/8 (0.0%),0/24 (0.0%),Fisher精确,1.0
主要疾病诊断_胆总管结石伴急性化脓性梗阻性胆管炎,分类,0/8 (0.0%),0/24 (0.0%),Fisher精确,1.0
主要疾病诊断_胆总管结石,分类,0/8 (0.0%),0/24 (0.0%),Fisher精确,1.0
主要疾病诊断_胆囊结石伴急性胆囊炎,分类,0/8 (0.0%),0/24 (0.0%),Fisher精确,1.0
主要疾病诊断_胃多发溃疡并出血,分类,0/8 (0.0%),0/24 (0.0%),Fisher精确,1.0
主要疾病诊断_肿瘤免疫治疗,分类,0/8 (0.0%),0/24 (0.0%),Fisher精确,1.0
主要疾病诊断_肾错构瘤破裂出血(左侧),分类,0/8 (0.0%),0/24 (0.0%),Fisher精确,1.0
主要疾病诊断_肾造瘘管移位,分类,0/8 (0.0%),1/24 (4.2%),Fisher精确,1.0
主要疾病诊断_肾输尿管结石伴肾积水和感染,分类,0/8 (0.0%),1/24 (4.2%),Fisher精确,1.0
主要疾病诊断_肾肿物(右),分类,0/8 (0.0%),0/24 (0.0%),Fisher精确,1.0
主要疾病诊断_肾恶性肿瘤,分类,0/8 (0.0%),1/24 (4.2%),Fisher精确,1.0
入院科室_心血管内科,分类,1/8 (12.5%),2/24 (8.3%),Fisher精确,1.0
入院科室_心胸外科,分类,0/8 (0.0%),0/24 (0.0%),Fisher精确,1.0
入院科室_康复科,分类,1/8 (12.5%),5/24 (20.8%),Fisher精确,1.0
入院科室_妇科,分类,0/8 (0.0%),1/24 (4.2%),Fisher精确,1.0
入院科室_吸与危重症医学科,分类,0/8 (0.0%),0/24 (0.0%),Fisher精确,1.0
入院科室_创伤骨科,分类,0/8 (0.0%),0/24 (0.0%),Fisher精确,1.0
入院科室_创伤中心,分类,0/8 (0.0%),0/24 (0.0%),Fisher精确,1.0
入院科室_内分泌科,分类,0/8 (0.0%),0/24 (0.0%),Fisher精确,1.0
入院科室_全科医学科,分类,0/8 (0.0%),1/24 (4.2%),Fisher精确,1.0
入院科室_介入科,分类,0/8 (0.0%),1/24 (4.2%),Fisher精确,1.0
VTE评估量表（padua1，caprini2，P+C3）_padua、caprini,分类,0/8 (0.0%),0/24 (0.0%),Fisher精确,1.0
主要疾病诊断_腰椎压缩性骨折,分类,0/8 (0.0%),0/24 (0.0%),Fisher精确,1.0
主要疾病诊断_脓毒血症,分类,0/8 (0.0%),0/24 (0.0%),Fisher精确,1.0
主要疾病诊断_脑转移瘤术后恢复期,分类,0/8 (0.0%),0/24 (0.0%),Fisher精确,1.0
主要疾病诊断_脑血管狭窄,分类,0/8 (0.0%),0/24 (0.0%),Fisher精确,1.0
主要疾病诊断_脑血管意外,分类,0/8 (0.0%),0/24 (0.0%),Fisher精确,1.0
主要疾病诊断_脑梗死恢复期  偏瘫(左侧)  皮肤感觉减退(左侧)  肩关节半脱位(左),分类,0/8 (0.0%),1/24 (4.2%),Fisher精确,1.0
主要疾病诊断_脑梗死亚急性期,分类,0/8 (0.0%),1/24 (4.2%),Fisher精确,1.0
主要疾病诊断_脑梗死,分类,0/8 (0.0%),0/24 (0.0%),Fisher精确,1.0
主要疾病诊断_脑干出血,分类,0/8 (0.0%),0/24 (0.0%),Fisher精确,1.0
主要疾病诊断_脑室腹腔分流管腹腔段外露,分类,0/8 (0.0%),1/24 (4.2%),Fisher精确,1.0
主要疾病诊断_脑出血恢复期,分类,0/8 (0.0%),2/24 (8.3%),Fisher精确,1.0
主要疾病诊断_脑内出血,分类,0/8 (0.0%),0/24 (0.0%),Fisher精确,1.0
主要疾病诊断_脊髓血管病,分类,0/8 (0.0%),0/24 (0.0%),Fisher精确,1.0
主要疾病诊断_胸腔积液,分类,0/8 (0.0%),0/24 (0.0%),Fisher精确,1.0
主要疾病诊断_胸痛,分类,0/8 (0.0%),0/24 (0.0%),Fisher精确,1.0
主要疾病诊断_非创伤性脑内血肿,分类,0/8 (0.0%),0/24 (0.0%),Fisher精确,1.0
主要疾病诊断_降结肠恶性肿瘤结肠癌伴出血,分类,0/8 (0.0%),0/24 (0.0%),Fisher精确,1.0
主要疾病诊断_间变大细胞淋巴瘤,分类,0/8 (0.0%),0/24 (0.0%),Fisher精确,1.0
主要疾病诊断_锁骨下盗血综合征伴锁骨下动脉狭窄(左侧) ,分类,0/8 (0.0%),1/24 (4.2%),Fisher精确,1.0
主要疾病诊断_重症肺炎,分类,0/8 (0.0%),0/24 (0.0%),Fisher精确,1.0
主要疾病诊断_重型原发性免疫性血小板减少症,分类,0/8 (0.0%),0/24 (0.0%),Fisher精确,1.0
主要疾病诊断_败血症,分类,0/8 (0.0%),0/24 (0.0%),Fisher精确,1.0
主要疾病诊断_蛛网膜下腔出血,分类,0/8 (0.0%),0/24 (0.0%),Fisher精确,1.0
主要疾病诊断_腹腔占位性质待查,分类,0/8 (0.0%),0/24 (0.0%),Fisher精确,1.0
主要疾病诊断_腹胀,分类,0/8 (0.0%),0/24 (0.0%),Fisher精确,1.0
主要疾病诊断_腰椎骨折,分类,0/8 (0.0%),0/24 (0.0%),Fisher精确,1.0
主要疾病诊断_腰椎间盘突出伴神经根病,分类,0/8 (0.0%),0/24 (0.0%),Fisher精确,1.0
主要疾病诊断_腰椎间盘突出伴椎管狭窄,分类,0/8 (0.0%),0/24 (0.0%),Fisher精确,1.0
主要疾病诊断_腰椎间盘突出,分类,0/8 (0.0%),0/24 (0.0%),Fisher精确,1.0
主要疾病诊断_腰椎椎管狭窄,分类,0/8 (0.0%),0/24 (0.0%),Fisher精确,1.0
VTE首次中高危评分日期与药物预防日期差值_-5,分类,0/8 (0.0%),0/24 (0.0%),Fisher精确,1.0
VTE首次中高危评分日期与药物预防日期差值_-6,分类,0/8 (0.0%),0/24 (0.0%),Fisher精确,1.0
VTE首次中高危评分日期与药物预防日期差值_-8,分类,0/8 (0.0%),0/24 (0.0%),Fisher精确,1.0
VTE首次中高危评分日期与药物预防日期差值_-9,分类,0/8 (0.0%),0/24 (0.0%),Fisher精确,1.0
VTE首次中高危评分日期与药物预防日期差值_-11,分类,0/8 (0.0%),0/24 (0.0%),Fisher精确,1.0
VTE首次中高危评分日期与药物预防日期差值_-14,分类,0/8 (0.0%),0/24 (0.0%),Fisher精确,1.0
VTE首次中高危评分日期与药物预防日期差值_-27,分类,0/8 (0.0%),0/24 (0.0%),Fisher精确,1.0
VTE首次中高危评分日期与药物预防日期差值_-29,分类,0/8 (0.0%),0/24 (0.0%),Fisher精确,1.0
主要疾病诊断_食管恶性肿瘤,分类,0/8 (0.0%),0/24 (0.0%),Fisher精确,1.0
主要疾病诊断_风湿性心脏病,分类,0/8 (0.0%),0/24 (0.0%),Fisher精确,1.0
主要疾病诊断_颞叶出血(左侧）,分类,0/8 (0.0%),0/24 (0.0%),Fisher精确,1.0
主要疾病诊断_颈部脊髓损伤,分类,0/8 (0.0%),0/24 (0.0%),Fisher精确,1.0
主要疾病诊断_颅占位性病变,分类,0/8 (0.0%),0/24 (0.0%),Fisher精确,1.0
主要疾病诊断_颅内动脉瘤破裂伴蛛网膜下腔出血,分类,0/8 (0.0%),0/24 (0.0%),Fisher精确,1.0
主要疾病诊断_鞍区病变,分类,0/8 (0.0%),0/24 (0.0%),Fisher精确,1.0
VTE首次中高危评分日期与药物预防日期差值_12,分类,0/8 (0.0%),0/24 (0.0%),Fisher精确,1.0
VTE首次中高危评分日期与药物预防日期差值_11,分类,0/8 (0.0%),0/24 (0.0%),Fisher精确,1.0
VTE首次中高危评分日期与药物预防日期差值_9,分类,0/8 (0.0%),0/24 (0.0%),Fisher精确,1.0
VTE首次中高危评分日期与药物预防日期差值_8,分类,0/8 (0.0%),2/24 (8.3%),Fisher精确,1.0
VTE首次中高危评分日期与药物预防日期差值_7,分类,0/8 (0.0%),0/24 (0.0%),Fisher精确,1.0
VTE首次中高危评分日期与药物预防日期差值_6,分类,0/8 (0.0%),0/24 (0.0%),Fisher精确,1.0
VTE首次中高危评分日期与药物预防日期差值_5,分类,0/8 (0.0%),0/24 (0.0%),Fisher精确,1.0
VTE首次中高危评分日期与药物预防日期差值_4,分类,0/8 (0.0%),0/24 (0.0%),Fisher精确,1.0
VTE首次中高危评分日期与药物预防日期差值_3,分类,0/8 (0.0%),1/24 (4.2%),Fisher精确,1.0
VTE首次中高危评分日期与药物预防日期差值_2,分类,0/8 (0.0%),0/24 (0.0%),Fisher精确,1.0
VTE首次中高危评分日期与药物预防日期差值_0,分类,2/8 (25.0%),7/24 (29.2%),Fisher精确,1.0
VTE首次中高危评分日期与药物预防日期差值_-1,分类,0/8 (0.0%),1/24 (4.2%),Fisher精确,1.0
VTE首次中高危评分日期与药物预防日期差值_-2,分类,0/8 (0.0%),0/24 (0.0%),Fisher精确,1.0
VTE首次中高危评分日期与药物预防日期差值_-3,分类,0/8 (0.0%),1/24 (4.2%),Fisher精确,1.0
感染史,分类,7/8 (87.5%),22/24 (91.7%),Fisher精确,1.0
我院相关VTE,分类,8/8 (100.0%),24/24 (100.0%),Fisher精确,1.0
高血压史,分类,7/8 (87.5%),20/24 (83.3%),Fisher精确,1.0
本次入院前90天有无住院史、治疗史、手术史,分类,8/8 (100.0%),24/24 (100.0%),Fisher精确,1.0
是否存在抗凝禁忌,分类,5/8 (62.5%),13/24 (54.2%),Fisher精确,1.0
